id,url,title,description,category,tags,connections
actar-publishers-issuu,https://issuu.com/actar,ACTAR PUBLISHERS issuu,,Archive,archive,https://flash---art.com/|https://x-studio.co.uk/|https://www.ultramarinebooks.com/product/6471/Shin-SangHo-1996-2002-Dream-of-Africa
ancient-art-archive,https://archive.ancientartarchive.org/,Ancient Art Archive,,Archive,archive,https://x-studio.co.uk/|https://www.ultramarinebooks.com/product/6471/Shin-SangHo-1996-2002-Dream-of-Africa|https://www.ubu.com/film/blackwood.html
annas-archive,https://annas-archive.org/,Anna's Archive,Open library (sci-hub and libgen mirror),Archive,archive,https://x-studio.co.uk/|https://www.ultramarinebooks.com/product/6471/Shin-SangHo-1996-2002-Dream-of-Africa|https://www.ubu.com/film/blackwood.html
annika-larsson,http://annikalarsson.com/frame5.html,Annika Larsson,,Archive,archive,https://x-studio.co.uk/|https://www.ultramarinebooks.com/product/6471/Shin-SangHo-1996-2002-Dream-of-Africa|https://www.ubu.com/film/blackwood.html
anthology-film-archives,http://anthologyfilmarchives.org/,Anthology Film Archives,https://www.youtube.com/watch?v=NvZr4JN2m4g,Archive,archive,https://x-studio.co.uk/|https://www.ultramarinebooks.com/product/6471/Shin-SangHo-1996-2002-Dream-of-Africa|https://www.ubu.com/film/blackwood.html
archeyes,https://archeyes.com/,archeyes,,Archive,archive,https://afasiaarchzine.com/|https://x-studio.co.uk/|https://www.ultramarinebooks.com/product/6471/Shin-SangHo-1996-2002-Dream-of-Africa
architectuul,https://architectuul.com/,architectuul.,,Archive,archive,https://www.pneu.haus/|https://toshihiro-oki.com/floating-house-NY|https://quadralectics.wordpress.com/4-representation/4-1-form/4-1-3-design-in-city-building/4-1-3-1-the-circularradial-model/
archive-pdf,https://www.archivepdf.net/,ARCHIVE PDF,ARCHIVE FASHION,Archive,archive|pdf,https://x-studio.co.uk/|https://www.ultramarinebooks.com/product/6471/Shin-SangHo-1996-2002-Dream-of-Africa|https://www.ubu.com/film/blackwood.html
archivesdesign,https://archives.design/,Archives.Design,,Archive,archive,https://x-studio.co.uk/|https://www.ultramarinebooks.com/product/6471/Shin-SangHo-1996-2002-Dream-of-Africa|https://www.ubu.com/film/blackwood.html
archiveslibrary,https://www.instagram.com/archiveslibrary/?hl=en,archiveslibrary,Instagram,Archive,archive|social-media,https://www.instagram.com/biblio_philo/?hl=en|https://www.instagram.com/areasvellas/?hl=en|https://www.instagram.com/drawing.matter/?hl=en
areasvellas,https://www.instagram.com/areasvellas/?hl=en,areasvellas,Instagram Archive,Archive,archive|social-media,https://www.instagram.com/biblio_philo/?hl=en|https://www.instagram.com/drawing.matter/?hl=en|https://www.instagram.com/archiveslibrary/?hl=en
african-american-history,https://umbrasearch.org/,african american history,,Archive,archive,https://x-studio.co.uk/|https://www.ultramarinebooks.com/product/6471/Shin-SangHo-1996-2002-Dream-of-Africa|https://www.ubu.com/film/blackwood.html
bartlett-x-studio-archive,https://x-studio.co.uk/,Bartlett x-studio archive,,Archive,archive,https://www.ultramarinebooks.com/product/6471/Shin-SangHo-1996-2002-Dream-of-Africa|https://www.ubu.com/film/blackwood.html|https://www.soot.com/?_gl=1*nyq977*_ga*MTQyOTg5NjU2NS4xNzI2NTMyODM5*_ga_873PQ26HR2*MTcyNjUzMjgzOC4xLjEuMTcyNjUzMjg2MC4wLjAuMA..
biblio_philo,https://www.instagram.com/biblio_philo/?hl=en,biblio_philo,Instagram Archive,Archive,archive|social-media,https://www.instagram.com/drawing.matter/?hl=en|https://www.instagram.com/areasvellas/?hl=en|https://www.instagram.com/archiveslibrary/?hl=en
buckminster-fuller-i-know-everything,https://archive.org/details/buckminsterfuller,Buckminster Fuller: I Know Everything,,Archive,archive,https://architextures.org/|https://x-studio.co.uk/|https://www.ultramarinebooks.com/product/6471/Shin-SangHo-1996-2002-Dream-of-Africa
canadian-center-for-architecture,https://www.cca.qc.ca/en/archives/,Canadian Center for Architecture,,Archive,architecture|archive,https://www.thelibraryproject.ie/collections/architecture-theory|https://www.register-architektury.sk/en|https://www.librarystack.org/field/architecture/
carnegie-museum-of-art-architectural-dra,https://collection.carnegieart.org/?classification=%22architectural+drawings%22,Carnegie Museum of Art (Architectural Drawings),,Archive,archive|drawing,https://www.forgottenheritage.eu/artists|https://collection.carnegieart.org/|https://emuseum.toledomuseum.org/advancedsearch/Objects/collections%3AGlass
clio,https://clio.columbia.edu/,CLIO,columbia library,Archive,archive,https://x-studio.co.uk/|https://www.ultramarinebooks.com/product/6471/Shin-SangHo-1996-2002-Dream-of-Africa|https://www.ubu.com/film/blackwood.html
contemporary-architecture-and-critical-d,https://ocw.mit.edu/courses/4-665-contemporary-architecture-and-critical-debate-spring-2002/pages/readings/,Contemporary Architecture and Critical Debate,MIT Class Reading List,Archive,architecture|archive,https://afasiaarchzine.com/|https://www.pablogarcia.org/strange-weather-ii|https://www.thelibraryproject.ie/collections/architecture-theory
cooking-sections,https://www.cooking-sections.com/,Cooking Sections,,Archive,archive,https://x-studio.co.uk/|https://www.ultramarinebooks.com/product/6471/Shin-SangHo-1996-2002-Dream-of-Africa|https://www.ubu.com/film/blackwood.html
cyberfeminism-index,https://cyberfeminismindex.com/#/dalnara-dalsepo-%EB%8B%AC%EB%82%98%EB%9D%BC-%EB%94%B8%EC%84%B8%ED%8F%AC,Cyberfeminism Index,,Archive,archive,https://x-studio.co.uk/|https://www.ultramarinebooks.com/product/6471/Shin-SangHo-1996-2002-Dream-of-Africa|https://www.ubu.com/film/blackwood.html
cybernetic-zoo,https://cyberneticzoo.com/,cybernetic zoo,,Archive,archive,https://x-studio.co.uk/|https://www.ultramarinebooks.com/product/6471/Shin-SangHo-1996-2002-Dream-of-Africa|https://www.ubu.com/film/blackwood.html
design-reviewed,https://designreviewed.com/archive/,Design Reviewed,,Archive,archive,https://graphic-language.eu/|https://grasshopperdocs.com/completeIndex.html|https://shoeiyoh.com/about.html
drawing-architecture,https://drawingarchitecture.tumblr.com/,drawing architecture,,Archive,architecture|archive|drawing,https://veldwerk.cargo.site/Alternative-Histories|https://waithinktank.com/Perry-Kulper|https://drawingmatter.org/
drawing-machines,https://golancourses.net/2022f/daily-notes/unit-2-creative-code/creative-code-drawing-machines/,Drawing Machines,,Archive,archive|drawing,https://collection.carnegieart.org/?classification=%22architectural+drawings%22|https://babel.hathitrust.org/cgi/pt?id=nyp.33433090902010&seq=75|https://www.instagram.com/lines.drawing/?hl=en
drawingmatter,https://www.instagram.com/drawing.matter/?hl=en,drawing.matter,DRAWING ARCHIVE,Archive,archive|drawing|social-media,https://www.instagram.com/biblio_philo/?hl=en|https://www.instagram.com/areasvellas/?hl=en|https://drawingmatter.org/|https://www.instagram.com/archiveslibrary/?hl=en
electronic-arts-intermix,https://www.eai.org/,Electronic Arts Intermix,,Archive,archive,https://x-studio.co.uk/|https://www.ultramarinebooks.com/product/6471/Shin-SangHo-1996-2002-Dream-of-Africa|https://www.ubu.com/film/blackwood.html
entire-landscapes,https://entirelandscapes.space/,entire landscapes,,Archive,archive,https://x-studio.co.uk/|https://www.ultramarinebooks.com/product/6471/Shin-SangHo-1996-2002-Dream-of-Africa|https://www.ubu.com/film/blackwood.html
esto-photographers,https://esto.com/services,Esto Photographers,,Archive,archive|geometry,https://www.fuse.kiwi/|https://digitalartarchive.siggraph.org/artwork/keiko-kimoto-imaginary%C2%B7numbers/|https://x-studio.co.uk/
every-noise,https://everynoise.com/,Every Noise,,Archive,archive,https://x-studio.co.uk/|https://www.ultramarinebooks.com/product/6471/Shin-SangHo-1996-2002-Dream-of-Africa|https://www.ubu.com/film/blackwood.html
final-hot-desert-library,https://finalhotdesert.co.uk/Library,Final Hot Desert Library,Art theory library / reading list,Archive,archive,https://www.thelibraryproject.ie/collections/architecture-theory|https://x-studio.co.uk/|https://www.ultramarinebooks.com/product/6471/Shin-SangHo-1996-2002-Dream-of-Africa
forgotten-heritage,https://www.forgottenheritage.eu/artists,forgotten heritage,archive of forgotten stories,Archive,archive,https://collection.carnegieart.org/?classification=%22architectural+drawings%22|https://collection.carnegieart.org/|https://shoeiyoh.com/about.html
ftn-blog,https://ftn-blog.com/,FTN-Blog,,Archive,archive,https://x-studio.co.uk/|https://www.ultramarinebooks.com/product/6471/Shin-SangHo-1996-2002-Dream-of-Africa|https://www.ubu.com/film/blackwood.html
fusekiwi,https://www.fuse.kiwi/,Fuse.kiwi,Graphic Design Reference,Archive,archive|geometry,https://esto.com/services|https://digitalartarchive.siggraph.org/artwork/keiko-kimoto-imaginary%C2%B7numbers/|https://x-studio.co.uk/
future-forms,https://www.future-forms.com/,Future Forms,industrial designers,Archive,archive,https://x-studio.co.uk/|https://www.ultramarinebooks.com/product/6471/Shin-SangHo-1996-2002-Dream-of-Africa|https://www.ubu.com/film/blackwood.html
hidden,https://hiddenarchitecture.net/journal/,HIDDEN,,Archive,architecture|archive,https://www.thelibraryproject.ie/collections/architecture-theory|https://www.register-architektury.sk/en|https://www.librarystack.org/field/architecture/
historic-maps,https://www.davidrumsey.com/,Historic Maps,Map Reference Bank,Archive,archive|mapping,http://www.griffith.ox.ac.uk/gri/4cartmap.html|https://x-studio.co.uk/|https://www.ultramarinebooks.com/product/6471/Shin-SangHo-1996-2002-Dream-of-Africa
iconic-houses,https://www.iconichouses.org/index#,iconic houses,,Archive,archive,https://x-studio.co.uk/|https://www.ultramarinebooks.com/product/6471/Shin-SangHo-1996-2002-Dream-of-Africa|https://www.ubu.com/film/blackwood.html
josef-chladek,https://josefchladek.com/,Josef Chladek,Virtual bookshelf,Archive,archive,https://www.contemporaryartlibrary.org/|https://x-studio.co.uk/|https://www.ultramarinebooks.com/product/6471/Shin-SangHo-1996-2002-Dream-of-Africa
library-of-congress,https://www.loc.gov/,library of congress,,Archive,archive,https://madoken.jp/en/|https://shoeiyoh.com/about.html|https://x-studio.co.uk/
linesdrawing,https://www.instagram.com/lines.drawing/?hl=en,lines.drawing,Instagram Archive,Archive,archive|drawing|social-media,https://www.instagram.com/biblio_philo/?hl=en|https://www.instagram.com/areasvellas/?hl=en|https://www.instagram.com/archiveslibrary/?hl=en
list-of-physical-visualizations,http://dataphys.org/list/,List of Physical Visualizations,,Archive,archive,https://x-studio.co.uk/|https://www.ultramarinebooks.com/product/6471/Shin-SangHo-1996-2002-Dream-of-Africa|https://www.ubu.com/film/blackwood.html
material-order,https://materialorder.org/collection/materials/search,Material Order,RISD + Harvard + Columbia Material Library,Archive,archive|materials,https://architextures.org/|https://www.architecturalrecord.com/|https://x-studio.co.uk/
mit-press-open-architecture-and-urban-st,https://mitpress.mit.edu/MIT-Press-Open-Architecture-and-Urban-Studies/?utm_medium=website&utm_source=archdaily.com,MIT Press Open Architecture and Urban Studies,,Archive,architecture|archive,https://www.thelibraryproject.ie/collections/architecture-theory|https://www.register-architektury.sk/en|https://www.librarystack.org/field/architecture/
moma-exhibition-spelunker,https://www.moma.org/interactives/exhibitions/2016/spelunker/,MOMA Exhibition Spelunker,,Archive,archive,https://x-studio.co.uk/|https://www.ultramarinebooks.com/product/6471/Shin-SangHo-1996-2002-Dream-of-Africa|https://www.ubu.com/film/blackwood.html
ofhouses,https://ofhouses.com/,OfHouses,Collection of Old Forgotten Houses,Archive,archive,https://x-studio.co.uk/|https://www.ultramarinebooks.com/product/6471/Shin-SangHo-1996-2002-Dream-of-Africa|https://www.ubu.com/film/blackwood.html
oldnyc,https://www.oldnyc.org/,OldNYC,,Archive,archive|nyc,https://storefront.nyc/program/control-syntax-rio/|https://x-studio.co.uk/|https://www.ultramarinebooks.com/product/6471/Shin-SangHo-1996-2002-Dream-of-Africa
poiesisofspace,https://www.instagram.com/poiesis.of.space/,poiesis.of.space,Instagram Archive,Archive,archive|social-media,https://www.instagram.com/biblio_philo/?hl=en|https://www.instagram.com/areasvellas/?hl=en|https://www.instagram.com/archiveslibrary/?hl=en
primary-structure,https://primarystructure.net/,PRIMARY STRUCTURE,Archive of structural typologies,Archive,archive|structures,https://x-studio.co.uk/|https://www.ultramarinebooks.com/product/6471/Shin-SangHo-1996-2002-Dream-of-Africa|https://www.ubu.com/film/blackwood.html
register-of-modern-architecture,https://www.register-architektury.sk/en,register of modern architecture,,Archive,architecture|archive,https://usmodernist.org/index-opp.htm|https://usmodernist.org/library.htm|https://www.pablogarcia.org/strange-weather-ii
rndrd,https://rndrd.com/,RNDRD,partial index of published architectural rendering,Archive,archive|rendering,https://www.koozarch.com/|https://www.architecturalrecord.com/|https://x-studio.co.uk/
socks,https://socks-studio.com/,SOCKS,,Archive,archive,https://www.pablogarcia.org/strange-weather-ii|https://shoeiyoh.com/about.html|https://x-studio.co.uk/
soot,https://www.soot.com/?_gl=1*nyq977*_ga*MTQyOTg5NjU2NS4xNzI2NTMyODM5*_ga_873PQ26HR2*MTcyNjUzMjgzOC4xLjEuMTcyNjUzMjg2MC4wLjAuMA..,SOOT,archive attached to creative/brands (ssense),Archive,archive,https://x-studio.co.uk/|https://www.ultramarinebooks.com/product/6471/Shin-SangHo-1996-2002-Dream-of-Africa|https://www.ubu.com/film/blackwood.html
spatial-agency,https://spatialagency.net/database/matrix.feminist.design.co-operative,Spatial Agency,,Archive,archive|feminist,https://shoeiyoh.com/about.html|https://x-studio.co.uk/|https://www.ultramarinebooks.com/product/6471/Shin-SangHo-1996-2002-Dream-of-Africa
the-charnel-house,https://thecharnelhouse.org/,The Charnel House,,Archive,archive,https://x-studio.co.uk/|https://www.ultramarinebooks.com/product/6471/Shin-SangHo-1996-2002-Dream-of-Africa|https://www.ubu.com/film/blackwood.html
the-sleep-of-rigour,https://thesleepofrigour.wordpress.com/,The Sleep of Rigour,,Archive,archive,https://x-studio.co.uk/|https://www.ultramarinebooks.com/product/6471/Shin-SangHo-1996-2002-Dream-of-Africa|https://www.ubu.com/film/blackwood.html
the-world-around,https://theworldaround.com/,the world around,lecture series,Archive,archive,https://www.wallpaper.com/|https://x-studio.co.uk/|https://www.ultramarinebooks.com/product/6471/Shin-SangHo-1996-2002-Dream-of-Africa
three-d-scans,https://threedscans.com/,Three D scans,3D scans of sculpture by Oliver Laric,Archive,3d|archive,https://x-studio.co.uk/|https://www.ultramarinebooks.com/product/6471/Shin-SangHo-1996-2002-Dream-of-Africa|https://www.ubu.com/film/blackwood.html
totodo,https://totodo.jp/,Totodo,,Archive,archive,https://x-studio.co.uk/|https://www.ultramarinebooks.com/product/6471/Shin-SangHo-1996-2002-Dream-of-Africa|https://www.ubu.com/film/blackwood.html
ubu,https://www.ubu.com/film/blackwood.html,Ubu,films,Archive,archive,https://x-studio.co.uk/|https://www.ultramarinebooks.com/product/6471/Shin-SangHo-1996-2002-Dream-of-Africa|https://www.soot.com/?_gl=1*nyq977*_ga*MTQyOTg5NjU2NS4xNzI2NTMyODM5*_ga_873PQ26HR2*MTcyNjUzMjgzOC4xLjEuMTcyNjUzMjg2MC4wLjAuMA..
us-modernist,https://usmodernist.org/library.htm,US Modernist,links to published magazines over the years,Archive,archive,https://usmodernist.org/index-opp.htm|https://www.register-architektury.sk/en|https://x-studio.co.uk/
us-modernist-oppositions,https://usmodernist.org/index-opp.htm,US Modernist (Oppositions),,Archive,archive,https://www.register-architektury.sk/en|https://usmodernist.org/library.htm|https://x-studio.co.uk/
william-vaughn-tupper-scrapbooks,https://commons.wikimedia.org/wiki/Category:Tupper_Scrapbooks,William Vaughn Tupper Scrapbooks,,Archive,archive,https://x-studio.co.uk/|https://www.ultramarinebooks.com/product/6471/Shin-SangHo-1996-2002-Dream-of-Africa|https://www.ubu.com/film/blackwood.html
acmsiggraph,https://digitalartarchive.siggraph.org/artwork/keiko-kimoto-imaginary%C2%B7numbers/,ACMSIGGRAPH,SIGGRAPH: special interest group on graphics and interactive techniques,Archive,archive|digital|geometry,https://www.fuse.kiwi/|https://esto.com/services|https://x-studio.co.uk/
fonts-in-use,https://fontsinuse.com/,Fonts in Use,,Archive,archive|typography,https://x-studio.co.uk/|https://www.ultramarinebooks.com/product/6471/Shin-SangHo-1996-2002-Dream-of-Africa|https://www.ubu.com/film/blackwood.html
librarystack-architecture,https://www.librarystack.org/field/architecture/,Librarystack (Architecture),,Archive,architecture|archive,https://www.thelibraryproject.ie/collections/architecture-theory|https://www.register-architektury.sk/en|https://www.cca.qc.ca/en/archives/
specific-objects,https://specificobject.com/objects/index.cfm,Specific Objects,,Archive,archive,https://x-studio.co.uk/|https://www.ultramarinebooks.com/product/6471/Shin-SangHo-1996-2002-Dream-of-Africa|https://www.ubu.com/film/blackwood.html
cecil-balmond-au,https://www.scribd.com/document/474925014/cecil-balmond-au-pdf,CECIL BALMOND AU,,Artifact,artifact|pdf,https://www.youtube.com/watch?v=u3q_7K0mGCU|https://www.usmodernist.org/aiaca/aiaca-2008-1.pdf|https://www.tandfonline.com/doi/pdf/10.1080/13602360500115061
falkestrasse,https://www.youtube.com/watch?v=u3q_7K0mGCU,Falkestrasse,,Artifact,artifact,https://www.scribd.com/document/474925014/cecil-balmond-au-pdf
beautiful-song-of-the-week,https://www.beautifulsongoftheweek.com/the-list/,Beautiful song of the week,,Blog,blog,https://www.asminternational.org/ims/image-of-the-month/|https://words-at-sea.blogspot.com/2011/|https://blog.naver.com/chuloh1
ims-image-of-the-month,https://www.asminternational.org/ims/image-of-the-month/,IMS image of the month,pictures of metal crystals,Blog,blog,https://www.beautifulsongoftheweek.com/the-list/|https://words-at-sea.blogspot.com/2011/|https://blog.naver.com/chuloh1
the-inkwell,https://jrcreativeink.wordpress.com/,The Inkwell,NYC art blog active 2009-2014,Blog,blog|nyc,https://www.beautifulsongoftheweek.com/the-list/|https://www.asminternational.org/ims/image-of-the-month/|https://words-at-sea.blogspot.com/2011/
axonometrica,https://axonometrica.blog/,axonometrica,,Blog,blog,https://www.beautifulsongoftheweek.com/the-list/|https://www.asminternational.org/ims/image-of-the-month/|https://words-at-sea.blogspot.com/2011/
glab,https://blog.naver.com/chuloh1,G.LAB,,Blog,blog,https://www.beautifulsongoftheweek.com/the-list/|https://www.asminternational.org/ims/image-of-the-month/|https://words-at-sea.blogspot.com/2011/
a-pattern-language,https://arl.human.cornell.edu/linked%20docs/Alexander_A_Pattern_Language.pdf?utm_source=lindynewsletter.beehiiv.com&utm_medium=newsletter&utm_campaign=the-lindy-guide-to-lighting&_bhlid=467f3ad18b327b202c1d99acd121d69ed3c4d032,A Pattern Language,On human pattern recognition and how it has proliferated spaces along centuries,Book,book|pdf|reading,https://xenopraxis.net/readings/crary_247.pdf|https://www.tandfonline.com/doi/full/10.1080/15502724.2018.1518715?utm_medium=website&utm_source=archdaily.com&#abstract|https://www.moma.org/documents/moma_catalogue_2568_300190129.pdf
architecture-without-architects,https://www.moma.org/documents/moma_catalogue_3459_300062280.pdf,Architecture without Architects,,Book,architecture|book|pdf|reading,https://archive.org/details/transmaterialnex0000unse/page/n7/mode/2up|https://xenopraxis.net/readings/crary_247.pdf|https://www.tandfonline.com/doi/full/10.1080/15502724.2018.1518715?utm_medium=website&utm_source=archdaily.com&#abstract
grid-systems-raster-systems,https://monoskop.org/images/a/a4/Mueller-Brockmann_Josef_Grid_Systems_in_Graphic_Design_Raster_Systeme_fuer_die_Visuele_Gestaltung_English_German_no_OCR.pdf,Grid Systems / Raster Systems,graphic design,Book,book|geometry|pdf|reading,https://archive.org/details/sciographyorradi00puck/page/n7/mode/2up|https://xenopraxis.net/readings/crary_247.pdf|https://www.tandfonline.com/doi/full/10.1080/15502724.2018.1518715?utm_medium=website&utm_source=archdaily.com&#abstract
information-art-diagramming-microchips,https://assets.moma.org/documents/moma_catalogue_2101_300062988.pdf,Information Art: Diagramming Microchips,,Book,book|pdf|reading,https://xenopraxis.net/readings/crary_247.pdf|https://www.tandfonline.com/doi/full/10.1080/15502724.2018.1518715?utm_medium=website&utm_source=archdaily.com&#abstract|https://www.moma.org/documents/moma_catalogue_2568_300190129.pdf
jacques-monod-chance-and-necessity,https://monoskop.org/images/9/99/Monod_Jacques_Chance_and_Necessity.pdf,Jacques Monod: Chance and Necessity,,Book,book|pdf|reading,https://xenopraxis.net/readings/crary_247.pdf|https://www.tandfonline.com/doi/full/10.1080/15502724.2018.1518715?utm_medium=website&utm_source=archdaily.com&#abstract|https://www.moma.org/documents/moma_catalogue_2568_300190129.pdf
lilly-reich-designer-and-architect,https://assets.moma.org/documents/moma_catalogue_278_300199443.pdf,Lilly Reich: Designer and Architect,,Book,book|pdf|reading,https://xenopraxis.net/readings/crary_247.pdf|https://www.tandfonline.com/doi/full/10.1080/15502724.2018.1518715?utm_medium=website&utm_source=archdaily.com&#abstract|https://www.moma.org/documents/moma_catalogue_2568_300190129.pdf
nomadic-furniture-2,https://www.medialab-matadero.es/sites/default/files/import/ftp_medialab/comunidad/Nomadic%20Furniture%202%20%5BJames%20Hennessey%2C%20Victor%20Papanek%5D.pdf,Nomadic Furniture 2,,Book,book|pdf|reading,https://xenopraxis.net/readings/crary_247.pdf|https://www.tandfonline.com/doi/full/10.1080/15502724.2018.1518715?utm_medium=website&utm_source=archdaily.com&#abstract|https://www.moma.org/documents/moma_catalogue_2568_300190129.pdf
part-01-of-detail-kultur,https://issuu.com/alessandracalaguire/docs/pages_from_2014_dk_en_final_issu-ma,Part 01 of Detail Kultur,,Book,book|pdf|reading,https://xenopraxis.net/readings/crary_247.pdf|https://www.tandfonline.com/doi/full/10.1080/15502724.2018.1518715?utm_medium=website&utm_source=archdaily.com&#abstract|https://www.moma.org/documents/moma_catalogue_2568_300190129.pdf
peter-sloterdijk-microspherology,https://monoskop.org/images/b/ba/Sloterdijk_Peter_Bubbles_Spheres_I_Microspherology.pdf,Peter Sloterdijk: Microspherology,,Book,book|pdf|reading,https://xenopraxis.net/readings/crary_247.pdf|https://www.tandfonline.com/doi/full/10.1080/15502724.2018.1518715?utm_medium=website&utm_source=archdaily.com&#abstract|https://www.moma.org/documents/moma_catalogue_2568_300190129.pdf
radical-architectural-drawing,https://onlinelibrary.wiley.com/toc/15542769/2022/92/4,RADICAL ARCHITECTURAL DRAWING,,Book,book|drawing|pdf|reading,https://assets.moma.org/documents/moma_catalogue_387_300063076.pdf|https://xenopraxis.net/readings/crary_247.pdf|https://www.tandfonline.com/doi/full/10.1080/15502724.2018.1518715?utm_medium=website&utm_source=archdaily.com&#abstract
sciography-radical-projection-of-shadows,https://archive.org/details/sciographyorradi00puck/page/n7/mode/2up,Sciography: Radical projection of shadows,1868,Book,book|geometry|pdf|reading,https://archive.org/details/ArchitecturalAcoustics_201901/page/n15/mode/2up|https://archive.org/details/The_Architects_Studio_Companion_Rules_of_Thumb_for_Preliminary_Design_5th_Editio/mode/2up|https://archive.org/details/bim_eighteenth-century_a-short-account-of-the-e_ayscough-james-_1755/page/n1/mode/2up
the-language-of-lighting,https://www.tandfonline.com/doi/full/10.1080/15502724.2018.1518715?utm_medium=website&utm_source=archdaily.com&#abstract,The Language of Lighting,Applying Semiotics in the Evaluation of Lighting Design,Book,book|pdf|reading,https://xenopraxis.net/readings/crary_247.pdf|https://www.moma.org/documents/moma_catalogue_2568_300190129.pdf|https://www.medialab-matadero.es/sites/default/files/import/ftp_medialab/comunidad/Nomadic%20Furniture%202%20%5BJames%20Hennessey%2C%20Victor%20Papanek%5D.pdf
the-un-private-house,https://assets.moma.org/documents/moma_catalogue_192_300105961.pdf,The Un-Private House,,Book,book|pdf|reading,https://xenopraxis.net/readings/crary_247.pdf|https://www.tandfonline.com/doi/full/10.1080/15502724.2018.1518715?utm_medium=website&utm_source=archdaily.com&#abstract|https://www.moma.org/documents/moma_catalogue_2568_300190129.pdf
thinking-is-form-drawings-of-joseph-beuy,https://assets.moma.org/documents/moma_catalogue_387_300063076.pdf,Thinking is Form: Drawings of Joseph Beuys,,Book,book|drawing|pdf|reading,https://onlinelibrary.wiley.com/toc/15542769/2022/92/4|https://xenopraxis.net/readings/crary_247.pdf|https://www.tandfonline.com/doi/full/10.1080/15502724.2018.1518715?utm_medium=website&utm_source=archdaily.com&#abstract
transmaterial-next,https://archive.org/details/transmaterialnex0000unse/page/n7/mode/2up,Transmaterial Next,Book on Material Science Innovations relevant in Architecture,Book,architecture|book|materials|pdf|reading,https://archive.org/details/ArchitecturalAcoustics_201901/page/n15/mode/2up|https://archive.org/details/The_Architects_Studio_Companion_Rules_of_Thumb_for_Preliminary_Design_5th_Editio/mode/2up|https://archive.org/details/sciographyorradi00puck/page/n7/mode/2up
twentieth-century-engineering,https://www.moma.org/documents/moma_catalogue_2568_300190129.pdf,Twentieth Century Engineering,,Book,book|pdf|reading,https://xenopraxis.net/readings/crary_247.pdf|https://www.tandfonline.com/doi/full/10.1080/15502724.2018.1518715?utm_medium=website&utm_source=archdaily.com&#abstract|https://www.medialab-matadero.es/sites/default/files/import/ftp_medialab/comunidad/Nomadic%20Furniture%202%20%5BJames%20Hennessey%2C%20Victor%20Papanek%5D.pdf
architectural-acoustics-marshall-long,https://archive.org/details/ArchitecturalAcoustics_201901/page/n15/mode/2up,Architectural Acoustics (Marshall Long),,Book,acoustics|book|pdf|reading,https://archive.org/details/The_Architects_Studio_Companion_Rules_of_Thumb_for_Preliminary_Design_5th_Editio/mode/2up|https://archive.org/details/sciographyorradi00puck/page/n7/mode/2up|https://www.pablogarcia.org/strange-weather-ii
pedagogical-sketchbook-paul-klee,https://monoskop.org/images/0/07/Klee_Paul_Pedagogical_Sketchbook_1953.pdf,Pedagogical Sketchbook (Paul Klee),,Book,book|pdf|reading,https://xenopraxis.net/readings/crary_247.pdf|https://www.tandfonline.com/doi/full/10.1080/15502724.2018.1518715?utm_medium=website&utm_source=archdaily.com&#abstract|https://www.moma.org/documents/moma_catalogue_2568_300190129.pdf
the-system-of-objects,https://monoskop.org/images/2/28/Baudrillard_Jean_The_system_of_objects_1996.pdf,The System of Objects,Jean Baudrillard,Book,book|pdf|reading,https://xenopraxis.net/readings/crary_247.pdf|https://www.tandfonline.com/doi/full/10.1080/15502724.2018.1518715?utm_medium=website&utm_source=archdaily.com&#abstract|https://www.moma.org/documents/moma_catalogue_2568_300190129.pdf
247-late-capitalism-and-the-ends-of-slee,https://xenopraxis.net/readings/crary_247.pdf,24/7 Late Capitalism and the Ends of Sleep,Jonathan Crary,Book,book|pdf|reading,https://www.tandfonline.com/doi/full/10.1080/15502724.2018.1518715?utm_medium=website&utm_source=archdaily.com&#abstract|https://www.moma.org/documents/moma_catalogue_2568_300190129.pdf|https://www.medialab-matadero.es/sites/default/files/import/ftp_medialab/comunidad/Nomadic%20Furniture%202%20%5BJames%20Hennessey%2C%20Victor%20Papanek%5D.pdf
a-short-account-of-the-eye-and-nature-of,https://archive.org/details/bim_eighteenth-century_a-short-account-of-the-e_ayscough-james-_1755/page/n1/mode/2up,A Short Account of the Eye and Nature of Vision,Fourth Edition (1755),Book,book|pdf|reading,https://archive.org/details/ArchitecturalAcoustics_201901/page/n15/mode/2up|https://archive.org/details/The_Architects_Studio_Companion_Rules_of_Thumb_for_Preliminary_Design_5th_Editio/mode/2up|https://archive.org/details/sciographyorradi00puck/page/n7/mode/2up
new-massings-for-new-masses,https://static1.squarespace.com/static/579fef6903596ed4bfa1eb90/t/57b3d3d5be65942bdfc69554/1471402974415/MIT_press_milli%C3%B8ns_collectivity_after_orthography_new_masses_for_new_masses.pdf,New Massings for New Masses,Good text on drawing in relation to design,Book,3d|book|drawing|geometry|pdf|reading,https://onlinelibrary.wiley.com/toc/15542769/2022/92/4|https://monoskop.org/images/a/a4/Mueller-Brockmann_Josef_Grid_Systems_in_Graphic_Design_Raster_Systeme_fuer_die_Visuele_Gestaltung_English_German_no_OCR.pdf|https://assets.moma.org/documents/moma_catalogue_387_300063076.pdf
192-books,"192 10th Ave, New York, NY 10011",192 Books,$$,Bookstore,bookstore|nyc,https://www.vincentborrelli.com/searchResults.php?category_id=682&action=browse&orderBy=author|https://www.printedmatter.org/catalog|https://www.mercerstreetbooks.com/
alabaster-bookshop,https://columbianewsservice.com/2024/02/09/alabaster-bookshop-thrives-as-last-seller-of-used-volumes-on-new-yorks-book-row/,Alabaster Bookshop,$$$,Bookstore,bookstore|nyc,https://www.vincentborrelli.com/searchResults.php?category_id=682&action=browse&orderBy=author|https://www.printedmatter.org/catalog|https://www.mercerstreetbooks.com/
codex-books,https://codexbooks.info/,Codex Books,$$,Bookstore,bookstore|nyc,https://www.vincentborrelli.com/searchResults.php?category_id=682&action=browse&orderBy=author|https://www.printedmatter.org/catalog|https://www.mercerstreetbooks.com/
dashwood-books,https://www.dashwoodbooks.com/,Dashwood Books,$$$ - $$$$,Bookstore,bookstore|nyc,https://www.vincentborrelli.com/searchResults.php?category_id=682&action=browse&orderBy=author|https://www.printedmatter.org/catalog|https://www.mercerstreetbooks.com/
harpers-books-chelsea,504 West 22nd Street,Harper's Books Chelsea,$$$ - $$$$,Bookstore,bookstore|nyc,https://www.vincentborrelli.com/searchResults.php?category_id=682&action=browse&orderBy=author|https://www.printedmatter.org/catalog|https://www.mercerstreetbooks.com/
head-hi,https://www.headhi.net/,head hi,books and cafe,Bookstore,bookstore|nyc,https://www.vincentborrelli.com/searchResults.php?category_id=682&action=browse&orderBy=author|https://www.printedmatter.org/catalog|https://www.mercerstreetbooks.com/
karma-books,https://bookstore.karmakarma.org/,Karma Books,$$$,Bookstore,bookstore|nyc,https://mastbooks.com/collections/architecture-design|https://www.vincentborrelli.com/searchResults.php?category_id=682&action=browse&orderBy=author|https://www.printedmatter.org/catalog
left-bank-books-llc,https://www.leftbankbooksny.com/,Left Bank Books LLC,$$$$,Bookstore,bookstore|nyc,https://www.vincentborrelli.com/searchResults.php?category_id=682&action=browse&orderBy=author|https://www.printedmatter.org/catalog|https://www.mercerstreetbooks.com/
mast-books,https://mastbooks.com/collections/architecture-design,Mast Books,$$$,Bookstore,architecture|bookstore|nyc,https://bookstore.karmakarma.org/|https://sites.libsyn.com/318962|https://libeskind.com/work/micromegas/
mercer-street-books,https://www.mercerstreetbooks.com/,Mercer Street Books,$ - $$,Bookstore,bookstore|nyc,https://www.vincentborrelli.com/searchResults.php?category_id=682&action=browse&orderBy=author|https://www.printedmatter.org/catalog|https://www.leftbankbooksny.com/
printed-matter,https://www.printedmatter.org/catalog,Printed Matter,$$,Bookstore,bookstore|nyc,https://www.vincentborrelli.com/searchResults.php?category_id=682&action=browse&orderBy=author|https://www.mercerstreetbooks.com/|https://www.leftbankbooksny.com/
westsider-books-co,"2246 Broadway, New York, NY 10024",Westsider Books Co.,$ - $$$,Bookstore,bookstore|nyc,https://www.vincentborrelli.com/searchResults.php?category_id=682&action=browse&orderBy=author|https://www.printedmatter.org/catalog|https://www.mercerstreetbooks.com/
ergot-records,https://ergotrecords.blogspot.com/,Ergot Records,,Bookstore,bookstore|nyc,https://www.vincentborrelli.com/searchResults.php?category_id=682&action=browse&orderBy=author|https://www.printedmatter.org/catalog|https://www.mercerstreetbooks.com/
kirkegaards-bookstore,https://www.kirkegaardsantikvariat.dk/product/ellsworth-kelly-drawings-on-a-bus-1954/,Kirkegaards Bookstore,,Bookstore,bookstore|drawing|nyc,https://www.vincentborrelli.com/searchResults.php?category_id=682&action=browse&orderBy=author|https://www.printedmatter.org/catalog|https://www.mercerstreetbooks.com/
vincent-borrelli,https://www.vincentborrelli.com/searchResults.php?category_id=682&action=browse&orderBy=author,Vincent Borrelli,,Bookstore,bookstore|nyc,https://www.printedmatter.org/catalog|https://www.mercerstreetbooks.com/|https://www.leftbankbooksny.com/
wind,"https://earth.nullschool.net/#current/wind/surface/level/orthographic=-90.46,27.17,1012/loc=-87.879,39.726",??wind,live wind graphic across world,Data,geometry|live-data|real-time,"https://www.suncalc.org/|https://www.flightradar24.com/40.81,-73.97/6|https://globe.adsbexchange.com/"
ads-b-exchange,https://globe.adsbexchange.com/,ADS-B Exchange,live tracking flights,Data,live-data|real-time,"https://www.suncalc.org/|https://www.flightradar24.com/40.81,-73.97/6|https://earth.nullschool.net/#current/wind/surface/level/orthographic=-90.46,27.17,1012/loc=-87.879,39.726"
flight-radar-24,"https://www.flightradar24.com/40.81,-73.97/6",flight radar 24,live tracking flights,Data,live-data|real-time,"https://www.suncalc.org/|https://globe.adsbexchange.com/|https://earth.nullschool.net/#current/wind/surface/level/orthographic=-90.46,27.17,1012/loc=-87.879,39.726"
suncalc,https://www.suncalc.org/,suncalc,solar calculations,Data,live-data|real-time,"https://www.flightradar24.com/40.81,-73.97/6|https://globe.adsbexchange.com/|https://earth.nullschool.net/#current/wind/surface/level/orthographic=-90.46,27.17,1012/loc=-87.879,39.726"
wind-map,http://hint.fm/wind/index.html,WIND MAP,WIND MAP USA,Data,live-data|mapping|real-time,"https://www.suncalc.org/|https://www.flightradar24.com/40.81,-73.97/6|https://globe.adsbexchange.com/"
math-curve,https://mathcurve.com/courbes2d.gb/lame/lame.shtml,Math Curve,,Reference,mathematics|reference,https://www.math.toronto.edu/~drorbn/|https://www.cantorsparadise.com/the-grand-equation-of-imagination-salvador-dal%C3%ADs-mathematical-surrealoscope-9a51d478cc61|https://eumat.sourceforge.net/Programs/examples.html
paper-sizes,https://papersizes.io/,Paper Sizes,,Reference,reference,https://www.dimensions.com/|https://www.visibleweather.com/|https://www.phillipdenny.com/articles/teaching-systems
sanzo-wada,https://sanzo-wada.dmbk.io/,Sanzo-Wada,Color swatches,Reference,color|reference,https://marcelmoonen.com/Van-Doesburg-House-Spiritual-use-of-color-in-Architecture|https://www.visibleweather.com/|https://www.phillipdenny.com/articles/teaching-systems
villa-barbaro,https://www.youtube.com/watch?v=EVH6OSTmD8U,Villa Barbaro,Excellent short documentary on Villa Barbaro,Film,film|video,https://www.youtube.com/@RhinoGuide|https://www.youtube.com/watch?v=R64IEixoYJ0|https://video.alexanderstreet.com/search?ff[]=organizationFilter:beka-partners&sort=real_title_asc
atmospheric-optics,http://optics.kulgun.net/,Atmospheric Optics,information on atmospherics,Reference,optics|reference,https://www2.tulane.edu/~sanelson/eens211/interference_of_light.htm|https://people.csail.mit.edu/lpk/mars/temizer_2001/Optical_Flow/|https://www.visibleweather.com/
bear-architects,https://bear-rabe.com/,BeAr Architects,,Practice,architecture|practice,https://toshihiro-oki.com/floating-house-NY|https://officekgdvs.com/projects|https://www.studiofolder.it/uncharted/
forensic-architecture,https://forensic-architecture.org/,Forensic Architecture,,Practice,architecture|practice,https://www.studiofolder.it/uncharted/|https://www.spacecaviar.net/about|https://www.knippershelbig.com/en/
francesco-librizzi-studio,http://www.francescolibrizzi.com/works/,Francesco Librizzi Studio,,Practice,architecture|practice,https://www.studiofolder.it/uncharted/|https://www.spacecaviar.net/about|https://www.knippershelbig.com/en/
kgdvs-projects,https://officekgdvs.com/projects,KGDVS projects,Clean floorplan typologies,Practice,architecture|practice,https://www.architecture-exhibitions.com/en|https://bear-rabe.com/|https://www.studiofolder.it/uncharted/
knippershelbig,https://www.knippershelbig.com/en/,Knippershelbig,,Practice,architecture|practice,https://www.studiofolder.it/uncharted/|https://www.spacecaviar.net/about|https://www.johnbarrarchitect.com/projects
pneuhaus,https://www.pneu.haus/,Pneu.haus,pneumatic artist collective (inflatables),Practice,architecture|inflatables|practice,https://architectuul.com/|https://toshihiro-oki.com/floating-house-NY|https://libeskind.com/work/micromegas/
space-caviar,https://www.spacecaviar.net/about,SPACE CAVIAR,,Practice,architecture|practice,https://www.studiofolder.it/uncharted/|https://www.knippershelbig.com/en/|https://www.johnbarrarchitect.com/projects
veldwerk-architecten,https://veldwerk.cargo.site/Alternative-Histories,Veldwerk Architecten,,Practice,architecture|practice,https://drawingmatter.org/|https://drawingarchitecture.tumblr.com/|https://waithinktank.com/Perry-Kulper
greg-lynn-form,https://glform.com/,GREG LYNN FORM,,Practice,architecture|practice,https://www.studiofolder.it/uncharted/|https://www.spacecaviar.net/about|https://www.knippershelbig.com/en/
floating-house-ny-toshihiro-oki,https://toshihiro-oki.com/floating-house-NY,Floating House NY (Toshihiro Oki),,Practice,architecture|practice,https://architectuul.com/|https://officekgdvs.com/projects|https://bear-rabe.com/
studio-libeskind,https://libeskind.com/work/micromegas/,Studio Libeskind,,Practice,architecture|practice,https://www.pneu.haus/|https://www.koozarch.com/|https://mastbooks.com/collections/architecture-design
nameless,http://namelessarchitecture.com/work/20_stoneoffice.html,NAMELESS,,Practice,architecture|practice,https://www.studiofolder.it/uncharted/|https://www.spacecaviar.net/about|https://www.knippershelbig.com/en/
john-barr-architect,https://www.johnbarrarchitect.com/projects,John Barr Architect,,Practice,architecture|practice,https://www.studiofolder.it/uncharted/|https://www.spacecaviar.net/about|https://www.knippershelbig.com/en/
burning-farm,https://burning.farm/,Burning Farm,,Practice,architecture|practice,https://www.studiofolder.it/uncharted/|https://www.spacecaviar.net/about|https://www.knippershelbig.com/en/
studio-folder-uncharted,https://www.studiofolder.it/uncharted/,Studio Folder (Uncharted),,Practice,architecture|practice,https://www.spacecaviar.net/about|https://www.knippershelbig.com/en/|https://www.johnbarrarchitect.com/projects
scott-cohen-wu-house,https://prestonscottcohen.com/WU-HOUSE,Scott Cohen (Wu House),,Practice,architecture|practice,https://www.studiofolder.it/uncharted/|https://www.spacecaviar.net/about|https://www.knippershelbig.com/en/
vincent-de-rijk,https://vincentderijk.nl/,Vincent de Rijk,,Practice,architecture|practice,https://www.studiofolder.it/uncharted/|https://www.spacecaviar.net/about|https://www.knippershelbig.com/en/
architextures,https://architextures.org/,architextures,Texture Bank,Entourage,3d|entourage|texture,https://archive.org/details/buckminsterfuller|https://materialorder.org/collection/materials/search|https://gramaziokohler.github.io/teaching_materials/grasshopper/#introduction
dimensions,https://www.dimensions.com/,dimensions,entourage,Entourage,3d|entourage,https://papersizes.io/|https://www.revitcity.com/downloads.php|https://www.nonscandinavia.com/
leahmojo-3d-warehouse,https://3dwarehouse.sketchup.com/user/80e55053-34eb-4733-a209-5a82b7fa6fbd/Leah-JoMo,LeahMojo 3D Warehouse,Highly Detailed Models of People,Entourage,3d|entourage,https://3dwarehouse.sketchup.com/|https://www.revitcity.com/downloads.php|https://www.nonscandinavia.com/
meye,https://meye.dk/,Meye,Good Trees,Entourage,3d|entourage,https://sites.libsyn.com/318962|https://www.revitcity.com/downloads.php|https://www.nonscandinavia.com/
nonscandinavia,https://www.nonscandinavia.com/,Nonscandinavia,Good Entourage,Entourage,3d|entourage,https://www.revitcity.com/downloads.php|https://www.myminifactory.com/scantheworld/|https://www.dimensions.com/
revit-city,https://www.revitcity.com/downloads.php,Revit City,,Entourage,3d|entourage,https://www.nonscandinavia.com/|https://www.myminifactory.com/scantheworld/|https://www.dimensions.com/
rhino-2d-symbol-library,https://www.food4rhino.com/en/resource/rhino-symbols-library,Rhino 2D Symbol Library,,Entourage,3d|entourage|rhino,https://www.revitcity.com/downloads.php|https://www.nonscandinavia.com/|https://www.myminifactory.com/scantheworld/
risd-nature-lab,https://sketchfab.com/RISDNaturelab/collections,RISD Nature Lab,,Entourage,3d|entourage,https://032c.com/|https://www.revitcity.com/downloads.php|https://www.nonscandinavia.com/
scan-the-world,https://www.myminifactory.com/scantheworld/,Scan the World,,Entourage,3d|entourage,https://www.revitcity.com/downloads.php|https://www.nonscandinavia.com/|https://www.dimensions.com/
sketchup-warehouse,https://3dwarehouse.sketchup.com/,SketchUp Warehouse,,Entourage,3d|entourage,https://3dwarehouse.sketchup.com/user/80e55053-34eb-4733-a209-5a82b7fa6fbd/Leah-JoMo|https://www.revitcity.com/downloads.php|https://www.nonscandinavia.com/
ambient-cg,https://ambientcg.com/,Ambient CG,CG rendering assets (public domain),Entourage,3d|entourage|rendering,https://www.revitcity.com/downloads.php|https://www.nonscandinavia.com/|https://www.myminifactory.com/scantheworld/
alexander-street,https://video.alexanderstreet.com/search?ff[]=organizationFilter:beka-partners&sort=real_title_asc,Alexander Street,Beka and LeMoine Films (Free),Film,film|open-access|video,https://www.youtube.com/watch?v=R64IEixoYJ0|https://www.youtube.com/watch?v=EVH6OSTmD8U|https://www.mcmaster.com/
coophimmelblau-wolf-prix-lecture,https://www.youtube.com/watch?v=R64IEixoYJ0,Coophimmelb(l)au Wolf Prix Lecture,,Film,film|video,https://archive.tokinowasuremono.com/e/nv01-allartist/index_artists_list.html|https://www.pablogarcia.org/strange-weather-ii|https://www.youtube.com/watch?v=EVH6OSTmD8U
v-ray-emissive-projection,https://www.youtube.com/watch?v=EwVB6E46PBs,V-RAY Emissive Projection,,Guide,guide|tutorial,https://davidneat.wordpress.com/|https://archive.org/details/The_Architects_Studio_Companion_Rules_of_Thumb_for_Preliminary_Design_5th_Editio/mode/2up|https://www.youtube.com/@RhinoGuide
architects-studio-companion,https://archive.org/details/The_Architects_Studio_Companion_Rules_of_Thumb_for_Preliminary_Design_5th_Editio/mode/2up,architects studio companion,book,Guide,guide|tutorial,https://archive.org/details/bim_eighteenth-century_a-short-account-of-the-e_ayscough-james-_1755/page/n1/mode/2up|https://archive.org/details/ArchitecturalAcoustics_201901/page/n15/mode/2up|https://archive.org/details/sciographyorradi00puck/page/n7/mode/2up
grasshopper-component-index,https://grasshopperdocs.com/completeIndex.html,Grasshopper Component Index,,Guide,guide|parametric|tutorial,https://designreviewed.com/archive/|https://hopific.com/category/grasshopper-tutorials/|https://www.youtube.com/watch?v=EwVB6E46PBs
hopific,https://hopific.com/category/grasshopper-tutorials/,Hopific,Grasshopper tutorials,Guide,guide|parametric|tutorial,https://grasshopperdocs.com/completeIndex.html|https://www.youtube.com/watch?v=EwVB6E46PBs|https://davidneat.wordpress.com/
rhino-command-list,https://docs.mcneel.com/rhino/5/help/en-us/commandlist/command_list.htm,Rhino Command List,,Guide,guide|rhino|tutorial,https://www.youtube.com/@RhinoGuide|https://docs.mcneel.com/rhino/8mac/usersguide/en-us/index.htm|https://discourse.mcneel.com/t/hatch-maker-plug-in-for-64bit/26901
rhino-user-guide-for-mac,https://docs.mcneel.com/rhino/8mac/usersguide/en-us/index.htm,Rhino User Guide for Mac,,Guide,guide|rhino|tutorial,https://www.youtube.com/@RhinoGuide|https://docs.mcneel.com/rhino/5/help/en-us/commandlist/command_list.htm|https://discourse.mcneel.com/t/hatch-maker-plug-in-for-64bit/26901
rhinoguide,https://www.youtube.com/@RhinoGuide,RhinoGuide,,Guide,guide|rhino|tutorial,https://www.youtube.com/watch?v=EVH6OSTmD8U|https://docs.mcneel.com/rhino/8mac/usersguide/en-us/index.htm|https://docs.mcneel.com/rhino/5/help/en-us/commandlist/command_list.htm
visualizing-architecture,https://visualizingarchitecture.com/,visualizing architecture,render how to,Guide,architecture|guide|rendering|tutorial,https://www.youtube.com/watch?v=EwVB6E46PBs|https://davidneat.wordpress.com/|https://archive.org/details/The_Architects_Studio_Companion_Rules_of_Thumb_for_Preliminary_Design_5th_Editio/mode/2up
davidneat,https://davidneat.wordpress.com/,Davidneat,model making,Guide,guide|tutorial,https://www.youtube.com/watch?v=EwVB6E46PBs|https://archive.org/details/The_Architects_Studio_Companion_Rules_of_Thumb_for_Preliminary_Design_5th_Editio/mode/2up|https://www.youtube.com/@RhinoGuide
boxmorphobject-rhino,https://developer.rhino3d.com/api/rhinoscript/object_methods/boxmorphobject.htm,Boxmorphobject (Rhino),,Guide,3d|guide|rhino|tutorial,https://www.youtube.com/@RhinoGuide|https://docs.mcneel.com/rhino/8mac/usersguide/en-us/index.htm|https://docs.mcneel.com/rhino/5/help/en-us/commandlist/command_list.htm
custom-hatch-maker-rhino,https://discourse.mcneel.com/t/hatch-maker-plug-in-for-64bit/26901,Custom Hatch Maker (Rhino),,Guide,guide|rhino|tutorial,https://www.youtube.com/@RhinoGuide|https://docs.mcneel.com/rhino/8mac/usersguide/en-us/index.htm|https://docs.mcneel.com/rhino/5/help/en-us/commandlist/command_list.htm
carnegie-museum-of-art,https://collection.carnegieart.org/,Carnegie Museum of Art,,Institution,institution,https://www.forgottenheritage.eu/artists|https://collection.carnegieart.org/?classification=%22architectural+drawings%22|https://emuseum.toledomuseum.org/advancedsearch/Objects/collections%3AGlass
cca-drawing-connections,https://www.cca.qc.ca/en/articles/98555/drawing-connections,CCA Drawing Connections,,Institution,drawing|institution,https://drawingcenter.org/|https://www.tokyoartsandspace.jp/creator/index/S/818.html|https://www.mmca.go.kr/eng/exhibitions/exhibitionsDetail.do?exhFlag=1
the-drawing-center,https://drawingcenter.org/,The Drawing Center,,Institution,drawing|institution,https://www.cca.qc.ca/en/articles/98555/drawing-connections|https://www.tokyoartsandspace.jp/creator/index/S/818.html|https://www.mmca.go.kr/eng/exhibitions/exhibitionsDetail.do?exhFlag=1
graham-foundation,http://www.grahamfoundation.org/grantees/5631-vann-molyvann-and-the-absent-archives-of-cambodian-modernism,Graham Foundation,,Institution,institution,https://www.tokyoartsandspace.jp/creator/index/S/818.html|https://www.mmca.go.kr/eng/exhibitions/exhibitionsDetail.do?exhFlag=1|https://tglab.princeton.edu/
mit-act,https://act.mit.edu/,MIT ACT,,Institution,institution,https://www.tokyoartsandspace.jp/creator/index/S/818.html|https://www.mmca.go.kr/eng/exhibitions/exhibitionsDetail.do?exhFlag=1|https://tglab.princeton.edu/
engineering-makerspace-columbia,https://make.columbia.edu/hours-events,Engineering Makerspace Columbia,,Institution,institution,https://www.tokyoartsandspace.jp/creator/index/S/818.html|https://www.mmca.go.kr/eng/exhibitions/exhibitionsDetail.do?exhFlag=1|https://tglab.princeton.edu/
laboratory-for-the-physics-of-life-princ,https://tglab.princeton.edu/,Laboratory for the Physics of Life (Princeton),,Institution,institution,https://www.tokyoartsandspace.jp/creator/index/S/818.html|https://www.mmca.go.kr/eng/exhibitions/exhibitionsDetail.do?exhFlag=1|https://make.columbia.edu/hours-events
form-finding-lab-princeton,https://formfindinglab.princeton.edu/,Form Finding Lab (Princeton),,Institution,institution,https://www.tokyoartsandspace.jp/creator/index/S/818.html|https://www.mmca.go.kr/eng/exhibitions/exhibitionsDetail.do?exhFlag=1|https://tglab.princeton.edu/
architekturmuseum-der-tum,,Architekturmuseum der TUM,Genealogy of Architecture Softwares,Institution,architecture|institution,
kim-swoo-geun-foundation,http://kimswoogeun.org/,Kim Swoo Geun Foundation,Website dedicated to the life and work of Kim Swoo Geun,Institution,institution,https://www.tokyoartsandspace.jp/creator/index/S/818.html|https://www.mmca.go.kr/eng/exhibitions/exhibitionsDetail.do?exhFlag=1|https://tglab.princeton.edu/
tokyo-arts-and-space,https://www.tokyoartsandspace.jp/creator/index/S/818.html,Tokyo Arts and Space,,Institution,institution,https://www.mmca.go.kr/eng/exhibitions/exhibitionsDetail.do?exhFlag=1|https://tglab.princeton.edu/|https://make.columbia.edu/hours-events
mmca-seoul,https://www.mmca.go.kr/eng/exhibitions/exhibitionsDetail.do?exhFlag=1,MMCA Seoul,,Institution,institution,https://www.tokyoartsandspace.jp/creator/index/S/818.html|https://tglab.princeton.edu/|https://make.columbia.edu/hours-events
epfl-graphic-statics,https://www.epfl.ch/labs/sxl/research/graphic-statics-applications/,EPFL Graphic Statics,,Institution,geometry|institution,https://www.tokyoartsandspace.jp/creator/index/S/818.html|https://www.mmca.go.kr/eng/exhibitions/exhibitionsDetail.do?exhFlag=1|https://tglab.princeton.edu/
window-research-institute,https://madoken.jp/en/,Window Research Institute,,Institution,institution,https://www.loc.gov/|https://shoeiyoh.com/about.html|https://www.tokyoartsandspace.jp/creator/index/S/818.html
1940s-nyc,https://1940s.nyc/map#13.69/40.73032/-73.98747,1940s NYC,old photographs based on location in NYC,Mapping,geometry|gis|mapping|nyc,https://zola.planning.nyc.gov/|https://www.nyc.gov/assets/planning/pages/zoning-index-map/index.html|http://80s.nyc/
1980s-nyc,http://80s.nyc/,1980s NYC,map of photos from 80s in nyc,Mapping,gis|mapping|nyc,https://zola.planning.nyc.gov/|https://www.nyc.gov/assets/planning/pages/zoning-index-map/index.html|https://experience.arcgis.com/experience/6a3da7b920f248af961554bdf01d668b/page/Data-Explorer
arcgis-map-city-properties,https://www.arcgis.com/apps/mapviewer/index.html?panel=gallery&suggestField=true&layers=f21ee336a094419087672301e7240eb1,ArcGIS Map (city properties),,Mapping,gis|mapping,https://www.usgs.gov/|https://www.thetruesize.com/#?borders=1~!MTc0NDU0MzI.NDU1MTQyMw*MjA5OTMy(MTQwNDM5MTY~!CONTIGUOUS_US*ODc2NjQ1NQ.MTc2MTQ4Mzc(MTc1)MA~!IN*NTI2NDA1MQ.Nzg2MzQyMQ)Mg~!CN*OTkyMTY5Nw.NzMxNDcwNQ(MjI1)MQ|https://www.nytimes.com/interactive/2018/10/12/us/map-of-every-building-in-the-united-states.html
cadmapper,https://cadmapper.com/,cadmapper,,Mapping,gis|mapping,https://www.usgs.gov/|https://www.thetruesize.com/#?borders=1~!MTc0NDU0MzI.NDU1MTQyMw*MjA5OTMy(MTQwNDM5MTY~!CONTIGUOUS_US*ODc2NjQ1NQ.MTc2MTQ4Mzc(MTc1)MA~!IN*NTI2NDA1MQ.Nzg2MzQyMQ)Mg~!CN*OTkyMTY5Nw.NzMxNDcwNQ(MjI1)MQ|https://www.nytimes.com/interactive/2018/10/12/us/map-of-every-building-in-the-united-states.html
commutometer,https://www.commutometer.com/,Commutometer,Commute Map,Mapping,gis|mapping,https://www.usgs.gov/|https://www.thetruesize.com/#?borders=1~!MTc0NDU0MzI.NDU1MTQyMw*MjA5OTMy(MTQwNDM5MTY~!CONTIGUOUS_US*ODc2NjQ1NQ.MTc2MTQ4Mzc(MTc1)MA~!IN*NTI2NDA1MQ.Nzg2MzQyMQ)Mg~!CN*OTkyMTY5Nw.NzMxNDcwNQ(MjI1)MQ|https://www.nytimes.com/interactive/2018/10/12/us/map-of-every-building-in-the-united-states.html
mapping-inequality,https://dsl.richmond.edu/panorama/redlining/map#loc=6/42.6501/-73.6154,mapping inequality,redlining map,Mapping,gis|mapping,https://www.usgs.gov/|https://www.thetruesize.com/#?borders=1~!MTc0NDU0MzI.NDU1MTQyMw*MjA5OTMy(MTQwNDM5MTY~!CONTIGUOUS_US*ODc2NjQ1NQ.MTc2MTQ4Mzc(MTc1)MA~!IN*NTI2NDA1MQ.Nzg2MzQyMQ)Mg~!CN*OTkyMTY5Nw.NzMxNDcwNQ(MjI1)MQ|https://www.nytimes.com/interactive/2018/10/12/us/map-of-every-building-in-the-united-states.html
my-maps-google,https://www.google.com/maps/about/mymaps/,MY MAPS (google),create own google map,Mapping,gis|mapping,https://www.usgs.gov/|https://www.thetruesize.com/#?borders=1~!MTc0NDU0MzI.NDU1MTQyMw*MjA5OTMy(MTQwNDM5MTY~!CONTIGUOUS_US*ODc2NjQ1NQ.MTc2MTQ4Mzc(MTc1)MA~!IN*NTI2NDA1MQ.Nzg2MzQyMQ)Mg~!CN*OTkyMTY5Nw.NzMxNDcwNQ(MjI1)MQ|https://www.nytimes.com/interactive/2018/10/12/us/map-of-every-building-in-the-united-states.html
nyc-flood-hazard-mapper,https://dcp.maps.arcgis.com/apps/webappviewer/index.html?id=1c37d271fba14163bbb520517153d6d5,NYC FLOOD HAZARD MAPPER,flooding map,Mapping,3d|gis|mapping|nyc,https://experience.arcgis.com/experience/6a3da7b920f248af961554bdf01d668b/page/Data-Explorer|https://zola.planning.nyc.gov/|https://www.nyc.gov/assets/planning/pages/zoning-index-map/index.html
snazzy-maps,https://snazzymaps.com/,snazzy maps,vector maps,Mapping,gis|mapping,https://www.usgs.gov/|https://www.thetruesize.com/#?borders=1~!MTc0NDU0MzI.NDU1MTQyMw*MjA5OTMy(MTQwNDM5MTY~!CONTIGUOUS_US*ODc2NjQ1NQ.MTc2MTQ4Mzc(MTc1)MA~!IN*NTI2NDA1MQ.Nzg2MzQyMQ)Mg~!CN*OTkyMTY5Nw.NzMxNDcwNQ(MjI1)MQ|https://www.nytimes.com/interactive/2018/10/12/us/map-of-every-building-in-the-united-states.html
the-true-size-of,https://www.thetruesize.com/#?borders=1~!MTc0NDU0MzI.NDU1MTQyMw*MjA5OTMy(MTQwNDM5MTY~!CONTIGUOUS_US*ODc2NjQ1NQ.MTc2MTQ4Mzc(MTc1)MA~!IN*NTI2NDA1MQ.Nzg2MzQyMQ)Mg~!CN*OTkyMTY5Nw.NzMxNDcwNQ(MjI1)MQ,the true size of...,,Mapping,gis|mapping,https://www.usgs.gov/|https://www.nytimes.com/interactive/2018/10/12/us/map-of-every-building-in-the-united-states.html|https://www.google.com/maps/about/mymaps/
touch-terrain,https://touchterrain.geol.iastate.edu/main,Touch Terrain,Instant CNC/3D Print Ground from topography,Mapping,3d|geometry|gis|mapping,https://experience.arcgis.com/experience/6a3da7b920f248af961554bdf01d668b/page/Data-Explorer|https://dcp.maps.arcgis.com/apps/webappviewer/index.html?id=1c37d271fba14163bbb520517153d6d5|https://cesium.com/platform/cesium-for-unreal/
usgs,https://www.usgs.gov/,USGS,,Mapping,gis|mapping,https://www.thetruesize.com/#?borders=1~!MTc0NDU0MzI.NDU1MTQyMw*MjA5OTMy(MTQwNDM5MTY~!CONTIGUOUS_US*ODc2NjQ1NQ.MTc2MTQ4Mzc(MTc1)MA~!IN*NTI2NDA1MQ.Nzg2MzQyMQ)Mg~!CN*OTkyMTY5Nw.NzMxNDcwNQ(MjI1)MQ|https://www.nytimes.com/interactive/2018/10/12/us/map-of-every-building-in-the-united-states.html|https://www.google.com/maps/about/mymaps/
zola,https://zola.planning.nyc.gov/,ZoLa,zoning map nyc,Mapping,gis|mapping|nyc,https://www.nyc.gov/assets/planning/pages/zoning-index-map/index.html|http://80s.nyc/|https://experience.arcgis.com/experience/6a3da7b920f248af961554bdf01d668b/page/Data-Explorer
zoning-index-map,https://www.nyc.gov/assets/planning/pages/zoning-index-map/index.html,Zoning Index Map,nyc zoning index map,Mapping,gis|mapping|nyc,https://zola.planning.nyc.gov/|http://80s.nyc/|https://experience.arcgis.com/experience/6a3da7b920f248af961554bdf01d668b/page/Data-Explorer
cesium-ion,https://cesium.com/platform/cesium-for-unreal/,Cesium Ion,Perfect topographical pulls up to 100 sqkm in mesh. Free. Needs Unreal Engine,Mapping,geometry|gis|mapping|open-access,https://touchterrain.geol.iastate.edu/main|https://1940s.nyc/map#13.69/40.73032/-73.98747|https://www.usgs.gov/
every-building-in-america-map,https://www.nytimes.com/interactive/2018/10/12/us/map-of-every-building-in-the-united-states.html,Every Building in America Map,Every building in America Map,Mapping,gis|mapping,https://www.usgs.gov/|https://www.thetruesize.com/#?borders=1~!MTc0NDU0MzI.NDU1MTQyMw*MjA5OTMy(MTQwNDM5MTY~!CONTIGUOUS_US*ODc2NjQ1NQ.MTc2MTQ4Mzc(MTc1)MA~!IN*NTI2NDA1MQ.Nzg2MzQyMQ)Mg~!CN*OTkyMTY5Nw.NzMxNDcwNQ(MjI1)MQ|https://www.google.com/maps/about/mymaps/
mapping-gothic-france,https://mcid.mcah.columbia.edu/mapping-gothic/jumieges-abbaye,Mapping Gothic France,,Mapping,gis|mapping,https://www.usgs.gov/|https://www.thetruesize.com/#?borders=1~!MTc0NDU0MzI.NDU1MTQyMw*MjA5OTMy(MTQwNDM5MTY~!CONTIGUOUS_US*ODc2NjQ1NQ.MTc2MTQ4Mzc(MTc1)MA~!IN*NTI2NDA1MQ.Nzg2MzQyMQ)Mg~!CN*OTkyMTY5Nw.NzMxNDcwNQ(MjI1)MQ|https://www.nytimes.com/interactive/2018/10/12/us/map-of-every-building-in-the-united-states.html
canal-plastics,https://www.canalplastic.com/,canal plastics,store,Materials,materials,https://www.princelumber.com/|https://www.futurematerialsbank.com/materials/|https://www.daytonaudio.com/
mcmaster-carr,https://www.mcmaster.com/,McMaster-Carr,VAST FREE 3DM ARCHIVE - Solidworks files open in Rhino automatically,Materials,3d|materials|open-access|rhino,https://www.architecturalrecord.com/|https://www.princelumber.com/|https://www.futurematerialsbank.com/materials/
prince-lumber,https://www.princelumber.com/,Prince Lumber,,Materials,materials,https://www.futurematerialsbank.com/materials/|https://www.daytonaudio.com/|https://www.canalplastic.com/
the-compleat-sculptor,https://shop.sculpt.com/,The Compleat Sculptor,store,Materials,materials,https://www.princelumber.com/|https://www.futurematerialsbank.com/materials/|https://www.daytonaudio.com/
future-materials-bank,https://www.futurematerialsbank.com/materials/,Future Materials Bank,Cataloguing materials,Materials,materials,https://archive.org/details/transmaterialnex0000unse/page/n7/mode/2up|https://www.princelumber.com/|https://www.daytonaudio.com/
lom-audio,https://store.lom.audio/collections/basicucho-series,LOM Audio,,Materials,materials,https://www.princelumber.com/|https://www.futurematerialsbank.com/materials/|https://www.daytonaudio.com/
sonorous-objects-nyc,https://sonorousobjects.nyc/,Sonorous Objects NYC,Small microphones for field recording,Materials,materials|nyc,https://www.princelumber.com/|https://www.futurematerialsbank.com/materials/|https://www.daytonaudio.com/
clippy-and-pluggy-microphones,https://micbooster.com/product-category/clippy-and-pluggy-microphones/?v=0b3b97fa6688,Clippy and Pluggy Microphones,,Materials,materials,https://www.princelumber.com/|https://www.futurematerialsbank.com/materials/|https://www.daytonaudio.com/
dayton-audio,https://www.daytonaudio.com/,Dayton Audio,,Materials,materials,https://www.architecturalrecord.com/|https://www.princelumber.com/|https://www.futurematerialsbank.com/materials/
food4rhino,https://www.food4rhino.com/en,food4rhino,,Software,rhino|software,https://pepakura.tamasoft.co.jp/pepakura_designer/|https://plugins.qgis.org/|https://avogadro.cc/docs/building-materials/building-a-crystal-slab/
qgis-plugins,https://plugins.qgis.org/,QGIS Plugins,,Software,software,https://www.food4rhino.com/en|https://avogadro.cc/docs/building-materials/building-a-crystal-slab/|https://pepakura.tamasoft.co.jp/pepakura_designer/
avogadro,https://avogadro.cc/docs/building-materials/building-a-crystal-slab/,Avogadro,crystal slab building,Software,materials|software,https://plugins.qgis.org/|https://www.food4rhino.com/en|https://www.princelumber.com/
pepakura,https://pepakura.tamasoft.co.jp/pepakura_designer/,Pepakura,Rhino3D to Origami,Software,3d|rhino|software,https://www.food4rhino.com/en|https://plugins.qgis.org/|https://www.food4rhino.com/en/resource/rhino-symbols-library
032c,https://032c.com/,032c,,Publication,publication,https://sketchfab.com/RISDNaturelab/collections|https://www.world-architects.com/en/profiles|https://www.wallpaper.com/
architectural-record,https://www.architecturalrecord.com/,architectural record,,Publication,publication,https://materialorder.org/collection/materials/search|https://rndrd.com/|https://www.mcmaster.com/
architecture-exhibitions-international,https://www.architecture-exhibitions.com/en,Architecture Exhibitions International,exhibition platform,Publication,architecture|publication,https://officekgdvs.com/projects|https://sites.libsyn.com/318962|https://misfitsarchitecture.com/
e-flux,https://www.e-flux.com/,e-flux,,Publication,publication,https://flash---art.com/|https://www.world-architects.com/en/profiles|https://www.wallpaper.com/
flash-art,https://flash---art.com/,FLASH ART,,Publication,publication,https://issuu.com/actar|https://www.koozarch.com/|https://www.e-flux.com/
juxtapoz,https://www.juxtapoz.com/,juxtapoz,,Publication,publication,https://www.world-architects.com/en/profiles|https://www.wallpaper.com/|https://www.pinupmagazine.org/
koozarch,https://www.koozarch.com/,KOOZARCH,,Publication,publication,https://rndrd.com/|https://www.architecturalrecord.com/|https://flash---art.com/
misfits-architecture,https://misfitsarchitecture.com/,MISFITS ARCHITECTURE,,Publication,architecture|publication,https://www.architecture-exhibitions.com/en|https://sites.libsyn.com/318962|https://afasiaarchzine.com/
mit-media-lab-research,https://www.media.mit.edu/research/?filter=groups_centers_initiatives,MIT Media Lab Research,,Publication,publication,https://sites.libsyn.com/318962|https://www.world-architects.com/en/profiles|https://www.wallpaper.com/
ny-review-of-architecture,https://nyra.nyc/,NY Review of Architecture,,Publication,architecture|nyc|publication,https://www.architecture-exhibitions.com/en|https://sites.libsyn.com/318962|https://misfitsarchitecture.com/
pin-up,https://www.pinupmagazine.org/,PIN-UP,,Publication,publication,https://www.koozarch.com/|https://www.world-architects.com/en/profiles|https://www.wallpaper.com/
the-influencing-machine,https://the-influencing-machine.com/,The Influencing Machine,Research study on SCCA,Publication,publication,https://www.world-architects.com/en/profiles|https://www.wallpaper.com/|https://www.pinupmagazine.org/
the-spaces,https://thespaces.com/,the spaces,,Publication,publication,https://www.world-architects.com/en/profiles|https://www.wallpaper.com/|https://www.pinupmagazine.org/
thresholds,https://thresholdsjournal.com/,Thresholds,Independent peer-reviewed architectural journal (MIT),Publication,publication,https://www.world-architects.com/en/profiles|https://www.wallpaper.com/|https://www.pinupmagazine.org/
villa-magazine,https://villanews.ir/en/magazine,Villa Magazine,,Publication,publication,https://www.world-architects.com/en/profiles|https://www.wallpaper.com/|https://www.pinupmagazine.org/
vm-space,https://vmspace.com/eng/project/project.html,VM Space,,Publication,publication,https://www.world-architects.com/en/profiles|https://www.wallpaper.com/|https://www.pinupmagazine.org/
walker-art,https://walkerart.org/,WALKER ART,,Publication,publication,https://www.world-architects.com/en/profiles|https://www.wallpaper.com/|https://www.pinupmagazine.org/
wallpaper,https://www.wallpaper.com/,Wallpaper,,Publication,publication,https://theworldaround.com/|https://www.world-architects.com/en/profiles|https://www.pinupmagazine.org/
world-architects,https://www.world-architects.com/en/profiles,World-Architects,,Publication,publication,https://10minutemail.com/|https://www.wallpaper.com/|https://www.pinupmagazine.org/
afasia-archzine,https://afasiaarchzine.com/,afasia archzine,blog on architecture and art,Publication,architecture|publication,https://www.pablogarcia.org/strange-weather-ii|https://ocw.mit.edu/courses/4-665-contemporary-architecture-and-critical-debate-spring-2002/pages/readings/|https://archeyes.com/
cabinet-magazine,https://www.cabinetmagazine.org/issues/30/wasiuta.php,Cabinet Magazine,,Publication,publication,https://www.world-architects.com/en/profiles|https://www.wallpaper.com/|https://www.pinupmagazine.org/
architecture-off-center,https://sites.libsyn.com/318962,Architecture Off-Center,,Publication,architecture|publication,https://mastbooks.com/collections/architecture-design|https://www.architecturalrecord.com/|https://meye.dk/
hans-hollein-mobile-office,https://archinect.com/features/article/150057955/screen-print-66-hans-hollein-s-mobile-office-and-the-new-workers-reality,Hans Hollein Mobile Office,Hans Hollein and the New Workers Reality,Publication,publication,https://egtheory.wordpress.com/2013/10/06/baldwin-effect/|https://toshihiro-oki.com/floating-house-NY|https://sites.libsyn.com/318962
arcca-90s-generation,https://www.usmodernist.org/aiaca/aiaca-2008-1.pdf,ArcCA 90s Generation,AIA California Issue - Cabinet for Sleeping Standing Up pg 15,Publication,pdf|publication,https://www.world-architects.com/en/profiles|https://www.wallpaper.com/|https://www.pinupmagazine.org/
2030-palette,https://2030palette.org/,2030 PALETTE,A resource for the design of zero-carbon adaptable and resilient built environments worldwide,Reference,reference,https://www.visibleweather.com/|https://www.phillipdenny.com/articles/teaching-systems|https://www.pablogarcia.org/strange-weather-ii
3d-modeling-using-planar-segments,https://www.cs.hunter.cuny.edu/~ioannis/3dpvt_06b.pdf,3D Modeling Using Planar Segments,,Reference,3d|pdf|reference,https://www.tandfonline.com/doi/pdf/10.1080/13602360500115061|https://www.microsoft.com/en-us/research/wp-content/uploads/2016/12/A-Note-on-Planar-Hexagonal-Meshes.pdf|https://sechel.de/publications/AAG2012Quasiisothermic.pdf
a-note-on-planar-hexagonal-meshes,https://www.microsoft.com/en-us/research/wp-content/uploads/2016/12/A-Note-on-Planar-Hexagonal-Meshes.pdf,A Note on Planar Hexagonal Meshes,,Reference,pdf|reference,https://www.tandfonline.com/doi/pdf/10.1080/13602360500115061|https://sechel.de/publications/AAG2012Quasiisothermic.pdf|https://pmc.ncbi.nlm.nih.gov/articles/PMC8511823/pdf/frai-04-667963.pdf
andreas-angelidakis-blog,https://andreasangelidakis.blogspot.com/,Andreas Angelidakis Blog,,Reference,reference,https://www.visibleweather.com/|https://www.phillipdenny.com/articles/teaching-systems|https://www.pablogarcia.org/strange-weather-ii
birdkit,https://birdkit.com/models.html,BirdKit,RC ornithopter models,Reference,reference,https://www.visibleweather.com/|https://www.phillipdenny.com/articles/teaching-systems|https://www.pablogarcia.org/strange-weather-ii
field-condition,http://fieldcondition.com/,Field Condition,NYC construction enthusiast/photographer,Reference,geometry|nyc|reference|structures,https://graphic-language.eu/|https://en.wikipedia.org/wiki/Outline_of_geometry|https://people.math.harvard.edu/~knill/graphgeometry/coloring/index.html
graphic-language,https://graphic-language.eu/,Graphic Language,Visual Communication,Reference,geometry|reference,https://designreviewed.com/archive/|https://en.wikipedia.org/wiki/Outline_of_geometry|https://www.visibleweather.com/
gsapp-smorgasborg,https://smorgasbord.cdp.arch.columbia.edu/welcome,GSAPP SMORGASBORG,ADR course reference for program use,Reference,reference,https://www.visibleweather.com/|https://www.phillipdenny.com/articles/teaching-systems|https://www.pablogarcia.org/strange-weather-ii
lerner-hall,http://www.morningside-heights.net/lerner.htm,Lerner Hall,,Reference,reference,https://www.visibleweather.com/|https://www.phillipdenny.com/articles/teaching-systems|https://www.pablogarcia.org/strange-weather-ii
list-of-colossal-sculptures-in-situ,https://en.wikipedia.org/wiki/List_of_colossal_sculptures_in_situ,List of Colossal Sculptures in Situ,,Reference,reference,https://www.visibleweather.com/|https://www.phillipdenny.com/articles/teaching-systems|https://www.pablogarcia.org/strange-weather-ii
list-of-file-formats,https://en.wikipedia.org/wiki/List_of_file_formats,List of File Formats,,Reference,reference,https://www.visibleweather.com/|https://www.phillipdenny.com/articles/teaching-systems|https://www.pablogarcia.org/strange-weather-ii
minimal-surface,https://minimalsurfaces.blog/,MINIMAL SURFACE,,Reference,reference,https://www.visibleweather.com/|https://www.phillipdenny.com/articles/teaching-systems|https://www.pablogarcia.org/strange-weather-ii
outline-of-geometry,https://en.wikipedia.org/wiki/Outline_of_geometry,Outline of Geometry,,Reference,geometry|reference,https://graphic-language.eu/|https://www.visibleweather.com/|https://www.phillipdenny.com/articles/teaching-systems
rca-student-work-2020,https://2020.rca.ac.uk/,RCA Student Work 2020,,Reference,reference,https://www.visibleweather.com/|https://www.phillipdenny.com/articles/teaching-systems|https://www.pablogarcia.org/strange-weather-ii
the-digital-in-architecture,https://gramaziokohler.github.io/teaching_materials/grasshopper/#introduction,The Digital in Architecture,,Reference,architecture|digital|materials|parametric|reference,https://architextures.org/|https://quadralectics.wordpress.com/4-representation/4-1-form/4-1-3-design-in-city-building/4-1-3-1-the-circularradial-model/|https://marcelmoonen.com/Van-Doesburg-House-Spiritual-use-of-color-in-Architecture
list-of-uniform-polyhedra,https://en.wikipedia.org/wiki/List_of_uniform_polyhedra,List of Uniform Polyhedra,,Reference,reference,https://www.visibleweather.com/|https://www.phillipdenny.com/articles/teaching-systems|https://www.pablogarcia.org/strange-weather-ii
nlab,https://ncatlab.org/nlab/show/HomePage,nLab,,Reference,reference,https://www.visibleweather.com/|https://www.phillipdenny.com/articles/teaching-systems|https://www.pablogarcia.org/strange-weather-ii
quasiisothermic-mesh-layout,https://sechel.de/publications/AAG2012Quasiisothermic.pdf,Quasiisothermic Mesh Layout,,Reference,pdf|reference,https://www.tandfonline.com/doi/pdf/10.1080/13602360500115061|https://www.microsoft.com/en-us/research/wp-content/uploads/2016/12/A-Note-on-Planar-Hexagonal-Meshes.pdf|https://pmc.ncbi.nlm.nih.gov/articles/PMC8511823/pdf/frai-04-667963.pdf
cornell-intypes,https://intypes.cornell.edu/index.cfm,Cornell Intypes,typology of contemporary interior design practices,Reference,reference,https://www.visibleweather.com/|https://www.phillipdenny.com/articles/teaching-systems|https://www.pablogarcia.org/strange-weather-ii
cronologia-do-pensamento-urbanistico,https://cronologiadourbanismo.ufba.br/,Cronologia do Pensamento Urbanistico,,Reference,reference,https://www.visibleweather.com/|https://www.phillipdenny.com/articles/teaching-systems|https://www.pablogarcia.org/strange-weather-ii
illustrating-geometric-graphs,https://people.math.harvard.edu/~knill/graphgeometry/coloring/index.html,Illustrating Geometric Graphs,,Reference,color|geometry|mathematics|reference,https://www.math.toronto.edu/~drorbn/|https://www.cantorsparadise.com/the-grand-equation-of-imagination-salvador-dal%C3%ADs-mathematical-surrealoscope-9a51d478cc61|https://sanzo-wada.dmbk.io/
cantors-paradise,https://www.cantorsparadise.com/the-grand-equation-of-imagination-salvador-dal%C3%ADs-mathematical-surrealoscope-9a51d478cc61,Cantor's Paradise,,Reference,mathematics|reference,https://www.math.toronto.edu/~drorbn/|https://mathcurve.com/courbes2d.gb/lame/lame.shtml|https://eumat.sourceforge.net/Programs/examples.html
euler-math-tools,https://eumat.sourceforge.net/Programs/examples.html,Euler Math Tools,,Reference,mathematics|reference,https://www.math.toronto.edu/~drorbn/|https://www.cantorsparadise.com/the-grand-equation-of-imagination-salvador-dal%C3%ADs-mathematical-surrealoscope-9a51d478cc61|https://mathcurve.com/courbes2d.gb/lame/lame.shtml
dror-bar-natan,https://www.math.toronto.edu/~drorbn/,Dror Bar-Natan,,Reference,mathematics|reference,https://www.cantorsparadise.com/the-grand-equation-of-imagination-salvador-dal%C3%ADs-mathematical-surrealoscope-9a51d478cc61|https://mathcurve.com/courbes2d.gb/lame/lame.shtml|https://eumat.sourceforge.net/Programs/examples.html
the-renewed-novelty-of-symmetry,https://www.basilisk.com/R/renw_d_novlty_symmtry_576.html,The Renewed Novelty of Symmetry,,Reference,reference,https://www.visibleweather.com/|https://www.phillipdenny.com/articles/teaching-systems|https://www.pablogarcia.org/strange-weather-ii
basilisk,https://www.basilisk.com/,Basilisk,,Reference,reference,https://www.visibleweather.com/|https://www.phillipdenny.com/articles/teaching-systems|https://www.pablogarcia.org/strange-weather-ii
baldwin-effect,https://egtheory.wordpress.com/2013/10/06/baldwin-effect/,Baldwin Effect,Baldwin effect and overcoming the rationality fetish,Reference,reference,https://archinect.com/features/article/150057955/screen-print-66-hans-hollein-s-mobile-office-and-the-new-workers-reality|https://www.visibleweather.com/|https://www.phillipdenny.com/articles/teaching-systems
episteme-and-techne,https://plato.stanford.edu/entries/episteme-techne/,Episteme and Techne,Stanford Encyclopedia of Philosophy,Reference,reference,https://www.visibleweather.com/|https://www.phillipdenny.com/articles/teaching-systems|https://www.pablogarcia.org/strange-weather-ii
topological-data-analysis,https://pmc.ncbi.nlm.nih.gov/articles/PMC8511823/pdf/frai-04-667963.pdf,Topological Data Analysis,,Reference,pdf|reference,https://www.tandfonline.com/doi/pdf/10.1080/13602360500115061|https://www.microsoft.com/en-us/research/wp-content/uploads/2016/12/A-Note-on-Planar-Hexagonal-Meshes.pdf|https://sechel.de/publications/AAG2012Quasiisothermic.pdf
interference-phenomena-optics,https://www2.tulane.edu/~sanelson/eens211/interference_of_light.htm,Interference Phenomena Optics,Compensation and Optic Sign,Reference,optics|reference,https://people.csail.mit.edu/lpk/mars/temizer_2001/Optical_Flow/|http://optics.kulgun.net/|https://www.visibleweather.com/
quadralectic-architecture,https://quadralectics.wordpress.com/4-representation/4-1-form/4-1-3-design-in-city-building/4-1-3-1-the-circularradial-model/,Quadralectic Architecture,,Reference,architecture|reference,https://architectuul.com/|https://rndrd.com/|https://designreviewed.com/archive/
equivalent-exchange-quadralectics,https://equivalentexchange.blog/2014/05/21/the-quadralectics-of-marten-kuilman/,Equivalent Exchange (Quadralectics),,Reference,reference,https://www.visibleweather.com/|https://www.phillipdenny.com/articles/teaching-systems|https://www.pablogarcia.org/strange-weather-ii
van-doesburg-house,https://marcelmoonen.com/Van-Doesburg-House-Spiritual-use-of-color-in-Architecture,Van Doesburg House,Spiritual use of color in Architecture,Reference,architecture|color|reference,https://sanzo-wada.dmbk.io/|https://quadralectics.wordpress.com/4-representation/4-1-form/4-1-3-design-in-city-building/4-1-3-1-the-circularradial-model/|https://people.math.harvard.edu/~knill/graphgeometry/coloring/index.html
from-building-to-poem-danteum,https://www.tandfonline.com/doi/pdf/10.1080/13602360500115061,From Building to Poem (Danteum),projection of meaning across symbolic forms,Reference,pdf|reference,https://www.microsoft.com/en-us/research/wp-content/uploads/2016/12/A-Note-on-Planar-Hexagonal-Meshes.pdf|https://sechel.de/publications/AAG2012Quasiisothermic.pdf|https://pmc.ncbi.nlm.nih.gov/articles/PMC8511823/pdf/frai-04-667963.pdf
dibujos-ejemplares-de-arquitectura,http://www.mindeguia.com/dibex/index.htm,Dibujos Ejemplares de Arquitectura,,Reference,reference,https://www.visibleweather.com/|https://www.phillipdenny.com/articles/teaching-systems|https://www.pablogarcia.org/strange-weather-ii
teaching-systems-konrad-wachsmann,https://www.phillipdenny.com/articles/teaching-systems,Teaching Systems (Konrad Wachsmann),,Reference,reference,https://shoeiyoh.com/about.html|https://www.visibleweather.com/|https://www.pablogarcia.org/strange-weather-ii
dml-speakers,https://personales.upv.es/jjlopez/DML.html,DML Speakers,,Reference,reference,https://www.visibleweather.com/|https://www.phillipdenny.com/articles/teaching-systems|https://www.pablogarcia.org/strange-weather-ii
acoustic-ornament,https://www.arcgeometer.com/writing/acoustic-ornament/,Acoustic Ornament,,Reference,acoustics|reference,https://www.visibleweather.com/|https://www.phillipdenny.com/articles/teaching-systems|https://www.pablogarcia.org/strange-weather-ii
optical-flow-based-robot-navigation,https://people.csail.mit.edu/lpk/mars/temizer_2001/Optical_Flow/,Optical Flow Based Robot Navigation,,Reference,optics|reference,https://www2.tulane.edu/~sanelson/eens211/interference_of_light.htm|http://optics.kulgun.net/|https://www.visibleweather.com/
architects-lacan,https://lholm.wordpress.com/,Architects Lacan,,Reference,reference,https://www.visibleweather.com/|https://www.phillipdenny.com/articles/teaching-systems|https://www.pablogarcia.org/strange-weather-ii
post-model-medium,https://cargocollective.com/sallyfarrah/WRITE-THE-POST-MODERN-MODEL-MEDIUM,Post Model Medium,,Reference,reference,https://www.visibleweather.com/|https://www.phillipdenny.com/articles/teaching-systems|https://www.pablogarcia.org/strange-weather-ii
visible-weather,https://www.visibleweather.com/,Visible Weather,Bell + Seong,Reference,reference,https://www.phillipdenny.com/articles/teaching-systems|https://www.pablogarcia.org/strange-weather-ii|https://www.basilisk.com/R/renw_d_novlty_symmtry_576.html
strange-weather-ii,https://www.pablogarcia.org/strange-weather-ii,Strange Weather II,Pablo Garcia,Reference,reference,https://rndrd.com/|https://www.register-architektury.sk/en|https://ocw.mit.edu/courses/4-665-contemporary-architecture-and-critical-debate-spring-2002/pages/readings/
angelosays,http://www.angelosays.com/,Angelosays,,Blog,blog,https://www.beautifulsongoftheweek.com/the-list/|https://www.asminternational.org/ims/image-of-the-month/|https://words-at-sea.blogspot.com/2011/
words-are-at-sea,https://words-at-sea.blogspot.com/2011/,Words Are at Sea,,Blog,blog,https://www.beautifulsongoftheweek.com/the-list/|https://www.asminternational.org/ims/image-of-the-month/|https://blog.naver.com/chuloh1
ccrma,https://ccrma.stanford.edu/,CCRMA,Center for Computer Research in Music and Acoustics,Sound,acoustics|music|sound,https://www.newworldrecords.org/products/columbia-princeton-electronic-music-center-10th-anniversary|https://www.nagata-i.com/|https://www.discogs.com/release/32239860-Matar-Archaeoacoustics?srsltid=AfmBOoq7oqdJN5gBM8t3H40spuNkleh9UzQlDMdW7CdzwnmCAFeEjdBo
nagata-acoustics,https://www.nagata-i.com/,Nagata Acoustics,Acoustical consulting for performing arts,Sound,acoustics|sound,https://www.discogs.com/release/32239860-Matar-Archaeoacoustics?srsltid=AfmBOoq7oqdJN5gBM8t3H40spuNkleh9UzQlDMdW7CdzwnmCAFeEjdBo|https://readthis.wtf/writing/blackest-ever-black-rediscovering-the-polyagogy-of-abstract-matter/|https://ccrma.stanford.edu/maxlab/2015/05/15/spherical-mic/
archaeoacoustics,https://www.discogs.com/release/32239860-Matar-Archaeoacoustics?srsltid=AfmBOoq7oqdJN5gBM8t3H40spuNkleh9UzQlDMdW7CdzwnmCAFeEjdBo,Archaeoacoustics,,Sound,acoustics|sound,https://www.nagata-i.com/|https://readthis.wtf/writing/blackest-ever-black-rediscovering-the-polyagogy-of-abstract-matter/|https://ccrma.stanford.edu/maxlab/2015/05/15/spherical-mic/
spherical-mic,https://ccrma.stanford.edu/maxlab/2015/05/15/spherical-mic/,Spherical Mic,,Sound,acoustics|sound,https://www.nagata-i.com/|https://www.discogs.com/release/32239860-Matar-Archaeoacoustics?srsltid=AfmBOoq7oqdJN5gBM8t3H40spuNkleh9UzQlDMdW7CdzwnmCAFeEjdBo|https://readthis.wtf/writing/blackest-ever-black-rediscovering-the-polyagogy-of-abstract-matter/
columbia-princeton-electronic-music-cent,https://www.newworldrecords.org/products/columbia-princeton-electronic-music-center-10th-anniversary,Columbia-Princeton Electronic Music Center,10th Anniversary Recording,Sound,acoustics|music|sound,https://ccrma.stanford.edu/|https://www.nagata-i.com/|https://www.discogs.com/release/32239860-Matar-Archaeoacoustics?srsltid=AfmBOoq7oqdJN5gBM8t3H40spuNkleh9UzQlDMdW7CdzwnmCAFeEjdBo
rediscovering-the-polyagogy-of-abstract-,https://readthis.wtf/writing/blackest-ever-black-rediscovering-the-polyagogy-of-abstract-matter/,Rediscovering The Polyagogy of Abstract Matter,Blackest Ever Black with Florian Hecker and Russell Haswell,Sound,acoustics|sound,https://www.nagata-i.com/|https://www.discogs.com/release/32239860-Matar-Archaeoacoustics?srsltid=AfmBOoq7oqdJN5gBM8t3H40spuNkleh9UzQlDMdW7CdzwnmCAFeEjdBo|https://ccrma.stanford.edu/maxlab/2015/05/15/spherical-mic/
10-minute-mail,https://10minutemail.com/,10 Minute Mail,Generates a fake email for 10 minutes with inbox access,Tool,tool,https://www.world-architects.com/en/profiles|https://www.geogebra.org/m/XH8Hf23E|https://www.calculatorsoup.com/
calculator-soup,https://www.calculatorsoup.com/,Calculator Soup,,Tool,tool,https://www.geogebra.org/m/XH8Hf23E|https://pollinator.art/pathmaker|https://photomosh.com/app/
coolors,https://coolors.co/,coolors,color palette swatches,Tool,color|tool,https://www.geogebra.org/m/XH8Hf23E|https://www.calculatorsoup.com/|https://pollinator.art/pathmaker
mathpix,https://mathpix.com/,Mathpix,Document conversion,Tool,mathematics|tool,https://www.geogebra.org/m/XH8Hf23E|https://www.calculatorsoup.com/|https://pollinator.art/pathmaker
n-ellipse-geogebra,https://www.geogebra.org/m/XH8Hf23E,N-ellipse (GeoGebra),,Tool,tool,https://www.calculatorsoup.com/|https://pollinator.art/pathmaker|https://photomosh.com/app/
photomosh,https://photomosh.com/app/,PhotoMosh,,Tool,tool,https://www.geogebra.org/m/XH8Hf23E|https://www.calculatorsoup.com/|https://pollinator.art/pathmaker
pollinator,https://pollinator.art/pathmaker,pollinator,garden generator,Tool,tool,https://www.geogebra.org/m/XH8Hf23E|https://www.calculatorsoup.com/|https://photomosh.com/app/
wolfram-demonstrations-project,https://demonstrations.wolfram.com/PointsOnASpiral/,Wolfram Demonstrations Project,,Tool,tool,https://www.geogebra.org/m/XH8Hf23E|https://www.calculatorsoup.com/|https://pollinator.art/pathmaker
worldviewr,https://jcallura.github.io/,WorldViewR,STL Mesh Terrain and Topo,Tool,tool,https://www.geogebra.org/m/XH8Hf23E|https://www.calculatorsoup.com/|https://pollinator.art/pathmaker
map2model,https://map2model.com/,Map2Model,Very Easy Large STL extraction for site,Tool,mapping|tool,https://www.geogebra.org/m/XH8Hf23E|https://www.calculatorsoup.com/|https://pollinator.art/pathmaker
drawing-matter,https://drawingmatter.org/,Drawing Matter,Exploring the role of drawing in architecture,Archive,architecture|archive|drawing,https://veldwerk.cargo.site/Alternative-Histories|https://drawingarchitecture.tumblr.com/|https://www.thelibraryproject.ie/collections/architecture-theory
the-lancasterhanover-masque,https://www.cca.qc.ca/en/articles/issues/26/what-about-the-provinces/59105/the-lancasterhanover-masque,The Lancaster/Hanover Masque,,Archive,archive,https://x-studio.co.uk/|https://www.ultramarinebooks.com/product/6471/Shin-SangHo-1996-2002-Dream-of-Africa|https://www.ubu.com/film/blackwood.html
toledo-museum-of-art-glass,https://emuseum.toledomuseum.org/advancedsearch/Objects/collections%3AGlass,Toledo Museum of Art (Glass),,Archive,archive|glass,https://collection.carnegieart.org/?classification=%22architectural+drawings%22|https://collection.carnegieart.org/|https://www.gerhard-richter.com/en/art/other/glass-and-mirrors-105/4-panes-of-glass-5876
gallery-toki-no-wasuremono,https://archive.tokinowasuremono.com/e/nv01-allartist/index_artists_list.html,Gallery Toki-No-Wasuremono,,Archive,archive,https://www.youtube.com/watch?v=R64IEixoYJ0|https://www.contemporaryartlibrary.org/|https://www.pablogarcia.org/strange-weather-ii
contemporary-art-library,https://www.contemporaryartlibrary.org/,Contemporary Art Library,,Archive,archive,https://archive.tokinowasuremono.com/e/nv01-allartist/index_artists_list.html|https://josefchladek.com/|https://www.pablogarcia.org/strange-weather-ii
shoei-yoh-archive,https://shoeiyoh.com/about.html,Shoei Yoh Archive,Shoei Yoh,Archive,archive,https://www.forgottenheritage.eu/artists|https://designreviewed.com/archive/|https://www.loc.gov/
mechanical-drawing-hathitrust,https://babel.hathitrust.org/cgi/pt?id=nyp.33433090902010&seq=75,Mechanical Drawing (Hathitrust),Projection Database,Archive,archive|drawing,https://golancourses.net/2022f/daily-notes/unit-2-creative-code/creative-code-drawing-machines/|https://collection.carnegieart.org/?classification=%22architectural+drawings%22|https://www.instagram.com/lines.drawing/?hl=en
nina-katchadourian,http://www.ninakatchadourian.com/uninvitedcollaborations/spiderwebs.php,Nina Katchadourian,uninvited collaborations with spiderwebs,Archive,archive,https://x-studio.co.uk/|https://www.ultramarinebooks.com/product/6471/Shin-SangHo-1996-2002-Dream-of-Africa|https://www.ubu.com/film/blackwood.html
spectres-of-the-state-avant-garde,https://www.arko.or.kr/pavilion/18pavilion/index.html,Spectres of the State Avant-Garde,,Archive,archive,https://x-studio.co.uk/|https://www.ultramarinebooks.com/product/6471/Shin-SangHo-1996-2002-Dream-of-Africa|https://www.ubu.com/film/blackwood.html
shin-sangho,https://www.ultramarinebooks.com/product/6471/Shin-SangHo-1996-2002-Dream-of-Africa,Shin SangHo,1996-2002 Dream of Africa,Archive,archive,https://x-studio.co.uk/|https://www.ubu.com/film/blackwood.html|https://www.soot.com/?_gl=1*nyq977*_ga*MTQyOTg5NjU2NS4xNzI2NTMyODM5*_ga_873PQ26HR2*MTcyNjUzMjgzOC4xLjEuMTcyNjUzMjg2MC4wLjAuMA..
new-italian-blood,http://www.newitalianblood.com/show.pl?id=682,New Italian Blood,project DECOI glass vessel,Archive,archive|glass,https://www.gerhard-richter.com/en/art/other/glass-and-mirrors-105/4-panes-of-glass-5876|https://emuseum.toledomuseum.org/advancedsearch/Objects/collections%3AGlass|https://callforlostentries.com/archive/another-glass-house
shinkenchiku-residential-competition,https://callforlostentries.com/archive/another-glass-house,Shinkenchiku Residential Competition,,Archive,archive|glass,https://www.gerhard-richter.com/en/art/other/glass-and-mirrors-105/4-panes-of-glass-5876|https://emuseum.toledomuseum.org/advancedsearch/Objects/collections%3AGlass|http://www.newitalianblood.com/show.pl?id=682
gerhard-richter,https://www.gerhard-richter.com/en/art/other/glass-and-mirrors-105/4-panes-of-glass-5876,Gerhard Richter,4 Panes of Glass,Archive,archive|glass,https://emuseum.toledomuseum.org/advancedsearch/Objects/collections%3AGlass|https://callforlostentries.com/archive/another-glass-house|http://www.newitalianblood.com/show.pl?id=682
hiromi-fujii,https://www.centrepompidou.fr/es/ressources/personne/c76kgp,Hiromi Fujii,Centre Pompidou,Archive,archive,https://x-studio.co.uk/|https://www.ultramarinebooks.com/product/6471/Shin-SangHo-1996-2002-Dream-of-Africa|https://www.ubu.com/film/blackwood.html
interchronic,https://interchronic.com/,Interchronic,,Archive,archive,https://x-studio.co.uk/|https://www.ultramarinebooks.com/product/6471/Shin-SangHo-1996-2002-Dream-of-Africa|https://www.ubu.com/film/blackwood.html
howard-carter-maps-and-plans,http://www.griffith.ox.ac.uk/gri/4cartmap.html,Howard Carter Maps and Plans,Tutankhamun excavation drawings,Archive,archive|drawing|mapping,https://www.davidrumsey.com/|https://golancourses.net/2022f/daily-notes/unit-2-creative-code/creative-code-drawing-machines/|https://collection.carnegieart.org/?classification=%22architectural+drawings%22
architectural-media-seattle-central-libr,https://architectureinmedia.wordpress.com/tag/3-d/,Architectural Media: Seattle Central Library,,Archive,architecture|archive,https://www.thelibraryproject.ie/collections/architecture-theory|https://www.register-architektury.sk/en|https://www.librarystack.org/field/architecture/
the-library-project,https://www.thelibraryproject.ie/collections/architecture-theory,The Library Project,Architecture Theory,Archive,architecture|archive,https://finalhotdesert.co.uk/Library|https://www.register-architektury.sk/en|https://www.librarystack.org/field/architecture/
archipel-bulletin-xaveer-de-geyter,https://archipelvzw.be/en/agenda/334/xaveer-de-geyter,Archipel Bulletin (Xaveer De Geyter),,Archive,archive,https://x-studio.co.uk/|https://www.ultramarinebooks.com/product/6471/Shin-SangHo-1996-2002-Dream-of-Africa|https://www.ubu.com/film/blackwood.html
cyberfeminism-index,https://cyberfeminismindex.com/,Cyberfeminism Index,,Archive,archive,https://x-studio.co.uk/|https://www.ultramarinebooks.com/product/6471/Shin-SangHo-1996-2002-Dream-of-Africa|https://www.ubu.com/film/blackwood.html
control-syntax-rio,https://storefront.nyc/program/control-syntax-rio/,Control Syntax Rio,,Archive,archive|nyc,https://www.oldnyc.org/|https://x-studio.co.uk/|https://www.ultramarinebooks.com/product/6471/Shin-SangHo-1996-2002-Dream-of-Africa
wai-think-tank,https://waithinktank.com/Perry-Kulper,WAI Think Tank,Perry Kulper,Publication,publication,https://drawingarchitecture.tumblr.com/|https://veldwerk.cargo.site/Alternative-Histories|https://www.world-architects.com/en/profiles
dfr-architecture,https://dfrarchitecture.com/project/cattedrale-1943-giuseppe-terragni/,DFR Architecture,Cattedrale 1943 Giuseppe Terragni,Archive,architecture|archive,https://www.thelibraryproject.ie/collections/architecture-theory|https://www.register-architektury.sk/en|https://www.librarystack.org/field/architecture/
arducam-multi-camera,https://github.com/ArduCAM/RaspberryPi/tree/master/Multi_Camera_Adapter/Multi_Adapter_Board_4Channel,ArduCam Multi Camera,Multi Camera Adapter for Raspberry Pi,Reference,reference,https://www.visibleweather.com/|https://www.phillipdenny.com/articles/teaching-systems|https://www.pablogarcia.org/strange-weather-ii
ri-filter-raspberry-pi,https://forums.raspberrypi.com/viewtopic.php?t=137403,RI Filter (Raspberry Pi),,Reference,reference,https://www.visibleweather.com/|https://www.phillipdenny.com/articles/teaching-systems|https://www.pablogarcia.org/strange-weather-ii
ejnyc-arcgis,https://experience.arcgis.com/experience/6a3da7b920f248af961554bdf01d668b/page/Data-Explorer,EJNYC ArcGIS,,Mapping,3d|gis|mapping|nyc,https://dcp.maps.arcgis.com/apps/webappviewer/index.html?id=1c37d271fba14163bbb520517153d6d5|https://zola.planning.nyc.gov/|https://www.nyc.gov/assets/planning/pages/zoning-index-map/index.html
